Date,Starting_Capital,Ending_Capital,CE_PnL,PE_PnL,Total_PnL,Return_Pct,Trades_Count
2023-01-02,100000.0,98690.25,-1118.0,-191.75,-1309.75,-1.30975,5
2023-01-03,98690.25,99866.75,-292.5,1469.0,1176.5,1.192113709307657,4
2023-01-04,99866.75,101394.25,2541.5,-1014.0,1527.5,1.52953810953095,3
2023-01-05,101394.25,104290.0,2359.5,536.25,2895.75,2.8559311795294113,5
2023-01-06,104290.0,105947.5,3864.25,-2206.75,1657.5,1.5893182471953209,4
2023-01-09,105947.5,106633.25,568.75,117.0,685.75,0.6472545364449374,3
2023-01-10,106633.25,107777.25,1930.5,-786.5,1144.0,1.0728360994342758,4
2023-01-11,107777.25,101560.0,-2167.75,-4049.5,-6217.25,-5.768610722578281,6
2023-01-12,101560.0,104062.5,2879.5,-377.0,2502.5,2.464060653800709,4
2023-01-13,104062.5,106617.0,-1898.0,4452.5,2554.5,2.4547747747747746,4
2023-01-16,106617.0,107432.75,2414.75,-1599.0,815.75,0.7651218848776462,4
2023-01-17,107432.75,106672.25,-978.25,217.75,-760.5,-0.7078846999634655,4
2023-01-18,106672.25,108053.5,-984.75,2366.0,1381.25,1.294854097480835,4
2023-01-19,108053.5,111319.75,572.0,2694.25,3266.25,3.0228081459647305,4
2023-01-20,111319.75,113744.25,2564.25,-139.75,2424.5,2.1779603349809893,2
2023-01-23,113744.25,115694.25,1885.0,65.0,1950.0,1.7143723748673008,3
2023-01-24,115694.25,116471.0,2236.0,-1459.25,776.75,0.6713816805934608,4
2023-01-25,116471.0,116003.0,2665.0,-3133.0,-468.0,-0.40181676125387433,4
2023-01-27,116003.0,116861.0,1586.0,-728.0,858.0,0.7396360438954165,5
2023-01-30,116861.0,119734.0,1231.75,1641.25,2873.0,2.458476309461668,4
2023-01-31,119734.0,118252.0,-6431.75,4949.75,-1482.0,-1.237743665124359,4
2023-02-01,118252.0,121336.25,507.0,2577.25,3084.25,2.6082011297906167,4
2023-02-02,121336.25,125168.0,3415.75,416.0,3831.75,3.157959801790479,4
2023-02-03,125168.0,125766.0,-3994.25,4592.25,598.0,0.47775789339128216,4
2023-02-06,125766.0,126760.5,-29.25,1023.75,994.5,0.7907542579075426,2
2023-02-07,126760.5,128743.0,1745.25,237.25,1982.5,1.5639730042087245,3
2023-02-08,128743.0,127124.5,-2756.0,1137.5,-1618.5,-1.2571557288551611,5
2023-02-09,127124.5,129120.0,-526.5,2522.0,1995.5,1.5697210215182753,4
2023-02-10,129120.0,130075.5,-796.25,1751.75,955.5,0.7400092936802974,3
2023-02-13,130075.5,130673.5,-42.25,640.25,598.0,0.4597330012185231,3
2023-02-14,130673.5,132220.5,-510.25,2057.25,1547.0,1.1838666600343604,3
2023-02-15,132220.5,133748.0,-728.0,2255.5,1527.5,1.1552671484376478,3
2023-02-16,133748.0,134310.25,2957.5,-2395.25,562.25,0.4203801178335377,3
2023-02-17,134310.25,134775.0,1582.75,-1118.0,464.75,0.34602720194475106,4
2023-02-20,134775.0,136461.75,2899.0,-1212.25,1686.75,1.2515303283249861,4
2023-02-21,136461.75,136471.5,2951.0,-2941.25,9.75,0.0071448592737525345,4
2023-02-22,136471.5,137830.0,2918.5,-1560.0,1358.5,0.9954459355982751,4
2023-02-23,137830.0,135607.0,1504.75,-3727.75,-2223.0,-1.612856417325691,3
2023-02-24,135607.0,139377.0,2749.5,1020.5,3770.0,2.780092473102421,3
2023-02-27,139377.0,135711.0,-4247.75,581.75,-3666.0,-2.63027615747218,5
2023-02-28,135711.0,136195.25,3194.75,-2710.5,484.25,0.3568244283808976,4
2023-03-01,136195.25,136244.0,-913.25,962.0,48.75,0.03579419987114088,5
2023-03-02,136244.0,136192.0,419.25,-471.25,-52.0,-0.038166818355303715,5
2023-03-03,136192.0,138145.25,-916.5,2869.75,1953.25,1.4341884985902256,4
2023-03-06,138145.25,139422.5,2392.0,-1114.75,1277.25,0.924570334484899,3
2023-03-08,139422.5,140361.75,-923.0,1862.25,939.25,0.6736717531244957,5
2023-03-09,140361.75,140842.75,1560.0,-1079.0,481.0,0.3426859525476136,3
2023-03-10,140842.75,139572.0,-1891.5,620.75,-1270.75,-0.9022473645253305,4
2023-03-13,139572.0,141947.75,3708.25,-1332.5,2375.75,1.7021680566302697,3
2023-03-14,141947.75,135883.25,-3237.0,-2827.5,-6064.5,-4.272346690947901,5
2023-03-15,135883.25,136848.5,3422.25,-2457.0,965.25,0.7103524533009036,4
2023-03-16,136848.5,140069.25,-169.0,3389.75,3220.75,2.3535150184327924,3
2023-03-17,140069.25,134547.5,-1956.5,-3565.25,-5521.75,-3.9421571829648547,5
2023-03-20,134547.5,134957.0,-1595.75,2005.25,409.5,0.30435348111261823,4
2023-03-21,134957.0,133819.5,-2655.25,1517.75,-1137.5,-0.8428610594485652,5
2023-03-22,133819.5,133744.75,318.5,-393.25,-74.75,-0.05585882476021806,3
2023-03-23,133744.75,134307.0,-19.5,581.75,562.25,0.42039033307849466,4
2023-03-24,134307.0,133172.75,1537.25,-2671.5,-1134.25,-0.8445203898530977,5
2023-03-27,133172.75,129181.75,-2093.0,-1898.0,-3991.0,-2.996859342470588,5
2023-03-28,129181.75,128574.0,1826.5,-2434.25,-607.75,-0.47046119130604747,4
2023-03-29,128574.0,126601.25,-1439.75,-533.0,-1972.75,-1.5343304245026212,6
2023-03-31,126601.25,128353.0,-705.25,2457.0,1751.75,1.3836751216911365,4
2023-04-03,128353.0,129900.0,-35.75,1582.75,1547.0,1.2052698417645087,3
2023-04-05,129900.0,132009.25,-1027.0,3136.25,2109.25,1.623749037721324,4
2023-04-06,132009.25,133725.25,-939.25,2655.25,1716.0,1.2999089078984996,4
2023-04-10,133725.25,134723.0,1059.5,-61.75,997.75,0.7461193753610481,4
2023-04-11,134723.0,135428.25,490.75,214.5,705.25,0.5234815139211567,4
2023-04-12,135428.25,134261.5,-858.0,-308.75,-1166.75,-0.8615263063651787,6
2023-04-13,134261.5,136338.25,711.75,1365.0,2076.75,1.5467948741820998,4
2023-04-17,136338.25,134320.0,-4637.75,2619.5,-2018.25,-1.4803255872801653,4
2023-04-18,134320.0,135945.0,958.75,666.25,1625.0,1.2097974985110185,3
2023-04-19,135945.0,134638.5,-1498.25,191.75,-1306.5,-0.9610504248041487,5
2023-04-20,134638.5,136351.25,1998.75,-286.0,1712.75,1.2721101319459143,4
2023-04-21,136351.25,137280.75,-65.0,994.5,929.5,0.6816952539855704,3
2023-04-24,137280.75,138236.25,-887.25,1842.75,955.5,0.6960189247217837,6
2023-04-25,138236.25,140218.75,796.25,1186.25,1982.5,1.4341390192514627,3
2023-04-26,140218.75,139679.25,-2089.75,1550.25,-539.5,-0.38475596166703807,4
2023-04-27,139679.25,141476.5,-975.0,2772.25,1797.25,1.2866979168344619,4
2023-04-28,141476.5,141570.75,-1891.5,1985.75,94.25,0.06661883775750743,5
2023-05-02,141570.75,138847.25,-1313.0,-1410.5,-2723.5,-1.9237730957842634,6
2023-05-03,138847.25,136084.75,-1612.0,-1150.5,-2762.5,-1.9895964810250113,6
2023-05-04,136084.75,138454.0,-406.25,2775.5,2369.25,1.7410106569619301,2
2023-05-05,138454.0,138941.5,2340.0,-1852.5,487.5,0.3521025033585162,3
2023-05-08,138941.5,138870.0,-1797.25,1725.75,-71.5,-0.0514605067600393,4
2023-05-09,138870.0,139029.25,1742.0,-1582.75,159.25,0.11467559588103982,4
2023-05-10,139029.25,137943.75,-2843.75,1758.25,-1085.5,-0.7807709528750245,4
2023-05-11,137943.75,139838.5,1550.25,344.5,1894.75,1.3735671242807304,2
2023-05-12,139838.5,141232.75,-1238.25,2632.5,1394.25,0.9970430174808796,4
2023-05-15,141232.75,142796.0,783.25,780.0,1563.25,1.1068608378722358,4
2023-05-16,142796.0,144307.25,3045.25,-1534.0,1511.25,1.0583279643687498,3
2023-05-17,144307.25,147937.5,2135.25,1495.0,3630.25,2.515639373628144,4
2023-05-18,147937.5,148311.25,1335.75,-962.0,373.75,0.25264047317279253,2
2023-05-19,148311.25,147385.0,-2314.0,1387.75,-926.25,-0.6245311802037944,4
2023-05-22,147385.0,143748.25,-3282.5,-354.25,-3636.75,-2.467517047189334,5
2023-05-23,143748.25,142571.75,-965.25,-211.25,-1176.5,-0.8184447462838678,4
2023-05-24,142571.75,144255.25,2671.5,-988.0,1683.5,1.1808089611020416,4
2023-05-25,144255.25,145617.0,97.5,1264.25,1361.75,0.9439864407014649,3
2023-05-26,145617.0,146832.5,-1748.5,2964.0,1215.5,0.83472396766861,4
2023-05-29,146832.5,145308.25,273.0,-1797.25,-1524.25,-1.0380876168423203,5
2023-05-30,145308.25,145695.0,614.25,-227.5,386.75,0.26615832204984924,4
2023-05-31,145695.0,145077.5,312.0,-929.5,-617.5,-0.423830605031058,5
2023-06-01,145077.5,146085.0,2028.0,-1020.5,1007.5,0.6944564112284813,5
2023-06-02,146085.0,145363.5,-2008.5,1287.0,-721.5,-0.49389054317691755,3
2023-06-05,145363.5,145786.0,1105.0,-682.5,422.5,0.2906506791594864,4
2023-06-06,145786.0,147372.0,377.0,1209.0,1586.0,1.0878959570877862,3
2023-06-07,147372.0,147521.5,-1101.75,1251.25,149.5,0.10144396493228021,4
2023-06-08,147521.5,147534.5,2362.75,-2349.75,13.0,0.008812274820958301,3
2023-06-09,147534.5,148249.5,1950.0,-1235.0,715.0,0.484632408013041,4
2023-06-12,148249.5,146676.5,-2106.0,533.0,-1573.0,-1.0610491097777734,4
2023-06-13,146676.5,146299.5,123.5,-500.5,-377.0,-0.25702822197148145,5
2023-06-14,146299.5,147554.0,-269.75,1524.25,1254.5,0.8574875512219795,3
2023-06-15,147554.0,145493.5,1205.75,-3266.25,-2060.5,-1.39643791425512,4
2023-06-16,145493.5,144434.0,-1339.0,279.5,-1059.5,-0.7282112259310554,5
2023-06-19,144434.0,146809.75,2057.25,318.5,2375.75,1.6448689366769595,4
2023-06-20,146809.75,147391.5,-1820.0,2401.75,581.75,0.3962611475055301,4
2023-06-21,147391.5,148356.75,243.75,721.5,965.25,0.6548885112099408,3
2023-06-22,148356.75,148733.75,1852.5,-1475.5,377.0,0.25411718711821335,5
2023-06-23,148733.75,148230.0,273.0,-776.75,-503.75,-0.33869246220175314,4
2023-06-26,148230.0,147326.5,-367.25,-536.25,-903.5,-0.6095257370302908,4
2023-06-27,147326.5,148490.0,-604.5,1768.0,1163.5,0.7897425106820566,4
2023-06-28,148490.0,150654.5,477.75,1686.75,2164.5,1.4576739174355176,3
2023-06-30,150654.5,151502.75,-1410.5,2258.75,848.25,0.5630432545990992,3
2023-07-03,151502.75,152045.5,-126.75,669.5,542.75,0.35824432229778,4
2023-07-04,152045.5,152211.25,-1248.0,1413.75,165.75,0.10901342032483698,4
2023-07-05,152211.25,151112.75,-601.25,-497.25,-1098.5,-0.7216943557062964,5
2023-07-06,151112.75,153010.75,-481.0,2379.0,1898.0,1.2560157895346356,3
2023-07-07,153010.75,155081.0,4342.0,-2271.75,2070.25,1.3530095107696682,4
2023-07-10,155081.0,154262.0,-487.5,-331.5,-819.0,-0.5281111161264114,5
2023-07-11,154262.0,154967.25,893.75,-188.5,705.25,0.45717675124139456,4
2023-07-12,154967.25,154548.0,978.25,-1397.5,-419.25,-0.2705410336700174,5
2023-07-13,154548.0,154544.75,1924.0,-1927.25,-3.25,-0.0021029065403628646,2
2023-07-14,154544.75,154580.5,-2307.5,2343.25,35.75,0.023132458397972108,4
2023-07-17,154580.5,155422.25,-1521.0,2362.75,841.75,0.5445382826423772,3
2023-07-18,155422.25,157720.0,1469.0,828.75,2297.75,1.4783919290835128,3
2023-07-19,157720.0,158142.5,-458.25,880.75,422.5,0.2678797869642404,3
2023-07-20,158142.5,159757.75,-1517.75,3133.0,1615.25,1.0213889371927216,4
2023-07-21,159757.75,159358.0,2561.0,-2960.75,-399.75,-0.25022260265933893,4
2023-07-24,159358.0,161031.75,3198.0,-1524.25,1673.75,1.0503081112965775,3
2023-07-25,161031.75,161850.75,438.75,380.25,819.0,0.5085953546427956,5
2023-07-26,161850.75,161639.5,-256.75,45.5,-211.25,-0.130521483527262,3
2023-07-27,161639.5,163810.5,2401.75,-230.75,2171.0,1.3431122961899784,2
2023-07-28,163810.5,164327.25,-305.5,822.25,516.75,0.31545596893972,4
2023-07-31,164327.25,165838.5,-1124.5,2635.75,1511.25,0.91965879061446,4
2023-08-01,165838.5,165841.75,230.75,-227.5,3.25,0.0019597379378129927,4
2023-08-02,165841.75,169017.0,2044.25,1131.0,3175.25,1.9146264435825116,3
2023-08-03,169017.0,168883.75,1846.0,-1979.25,-133.25,-0.07883822337398012,5
2023-08-04,168883.75,167457.0,-2395.25,968.5,-1426.75,-0.8448118898354638,5
2023-08-07,167457.0,167288.0,-1358.5,1189.5,-169.0,-0.10092143057620763,5
2023-08-08,167288.0,167379.0,1030.25,-939.25,91.0,0.05439720721151547,4
2023-08-09,167379.0,169709.25,-468.0,2798.25,2330.25,1.392199738318427,3
2023-08-10,169709.25,169998.5,198.25,91.0,289.25,0.17043855888821616,3
2023-08-11,169998.5,169140.5,-1238.25,380.25,-858.0,-0.5047103356794325,4
2023-08-14,169140.5,170063.5,-1764.75,2687.75,923.0,0.5457001723419288,4
2023-08-16,170063.5,170268.25,-1248.0,1452.75,204.75,0.12039620494697569,5
2023-08-17,170268.25,172608.25,2379.0,-39.0,2340.0,1.374302020488259,4
2023-08-18,172608.25,170544.5,-620.75,-1443.0,-2063.75,-1.1956265126377215,6
2023-08-21,170544.5,170518.5,-2008.5,1982.5,-26.0,-0.015245287886739237,4
2023-08-22,170518.5,170105.75,484.25,-897.0,-412.75,-0.2420558473127549,2
2023-08-23,170105.75,170226.0,-1449.5,1569.75,120.25,0.07069131995832004,3
2023-08-24,170226.0,169624.75,1943.5,-2544.75,-601.25,-0.35320691316250163,4
2023-08-25,169624.75,168061.5,-1579.5,16.25,-1563.25,-0.9215931047798155,4
2023-08-28,168061.5,168578.25,-1144.0,1660.75,516.75,0.3074767272694817,4
2023-08-29,168578.25,168906.5,539.5,-211.25,328.25,0.1947166968455302,4
2023-08-30,168906.5,169790.5,1829.75,-945.75,884.0,0.5233664779034555,2
2023-08-31,169790.5,170349.5,1582.75,-1023.75,559.0,0.32922925605378395,4
2023-09-01,170349.5,170996.25,-1192.75,1839.5,646.75,0.37966063886304335,5
2023-09-04,170996.25,170479.5,-1862.25,1345.5,-516.75,-0.3021996096405623,4
2023-09-05,170479.5,170937.75,-178.75,637.0,458.25,0.2688006475851935,4
2023-09-06,170937.75,169686.5,-191.75,-1059.5,-1251.25,-0.7319916168312733,4
2023-09-07,169686.5,170053.75,-2164.5,2531.75,367.25,0.2164285314388593,3
2023-09-08,170053.75,168191.5,-3721.25,1859.0,-1862.25,-1.0950949332196438,4
2023-09-11,168191.5,168571.75,-1439.75,1820.0,380.25,0.22608157962798356,4
2023-09-12,168571.75,167925.0,-741.0,94.25,-646.75,-0.38366452267357964,3
2023-09-13,167925.0,170765.5,328.25,2512.25,2840.5,1.6915289563793359,4
2023-09-14,170765.5,172803.25,1998.75,39.0,2037.75,1.1933030969370277,4
2023-09-15,172803.25,171958.25,-1254.5,409.5,-845.0,-0.4889954326669203,5
2023-09-18,171958.25,172566.0,1527.5,-919.75,607.75,0.3534288119354553,5
2023-09-20,172566.0,175832.25,3578.25,-312.0,3266.25,1.8927540767010882,3
2023-09-21,175832.25,175179.0,1290.25,-1943.5,-653.25,-0.371518876656586,3
2023-09-22,175179.0,169000.75,-4407.0,-1771.25,-6178.25,-3.5268211372367695,4
2023-09-25,169000.75,168240.25,-832.0,71.5,-760.5,-0.4499980029674424,4
2023-09-26,168240.25,167697.5,767.0,-1309.75,-542.75,-0.3226041330775483,4
2023-09-27,167697.5,167476.5,-2499.25,2278.25,-221.0,-0.13178491032961134,5
2023-09-28,167476.5,166384.5,1787.5,-2879.5,-1092.0,-0.6520317775926772,4
2023-09-29,166384.5,166612.0,-1209.0,1436.5,227.5,0.1367314864064862,3
2023-10-03,166612.0,165071.5,-2811.25,1270.75,-1540.5,-0.9246032698725182,4
2023-10-04,165071.5,164054.25,-1979.25,962.0,-1017.25,-0.6162481106671956,4
2023-10-05,164054.25,162988.25,932.75,-1998.75,-1066.0,-0.6497850558580469,5
2023-10-06,162988.25,161152.0,-1846.0,9.75,-1836.25,-1.12661495537255,5
2023-10-09,161152.0,160264.75,1433.25,-2320.5,-887.25,-0.5505671664019063,4
2023-10-10,160264.75,160222.5,-1222.0,1179.75,-42.25,-0.02636262808883426,4
2023-10-11,160222.5,160222.5,529.75,-529.75,0.0,0.0,5
2023-10-12,160222.5,161893.0,380.25,1290.25,1670.5,1.0426126168297212,4
2023-10-13,161893.0,163524.5,455.0,1176.5,1631.5,1.0077643875893338,5
2023-10-16,163524.5,163430.25,-910.0,815.75,-94.25,-0.057636623258288514,4
2023-10-17,163430.25,163540.75,913.25,-802.75,110.5,0.06761294191252844,5
2023-10-18,163540.75,165256.75,2938.0,-1222.0,1716.0,1.0492797666636604,3
2023-10-19,165256.75,165604.5,-1725.75,2073.5,347.75,0.21043013371617195,4
2023-10-20,165604.5,165923.0,1404.0,-1085.5,318.5,0.19232569163277569,3
2023-10-23,165923.0,168207.75,3162.25,-877.5,2284.75,1.3769941478878758,2
2023-10-25,168207.75,172432.75,3932.5,292.5,4225.0,2.5117748736309715,3
2023-10-26,172432.75,174714.25,2483.0,-201.5,2281.5,1.3231245224587556,3
2023-10-27,174714.25,173859.5,-1781.0,926.25,-854.75,-0.489227409899307,5
2023-10-30,173859.5,175123.75,-2242.5,3506.75,1264.25,0.7271676267330804,3
2023-10-31,175123.75,173602.75,-1959.75,438.75,-1521.0,-0.8685286832882462,3
2023-11-01,173602.75,173667.75,2580.5,-2515.5,65.0,0.037441803197241975,3
2023-11-02,173667.75,174334.0,-838.5,1504.75,666.25,0.3836348429688299,3
2023-11-03,174334.0,173794.5,627.25,-1166.75,-539.5,-0.3094634437344408,3
2023-11-06,173794.5,174321.0,-760.5,1287.0,526.5,0.3029439942000466,5
2023-11-07,174321.0,174321.0,0.0,0.0,0.0,0.0,0
2023-11-08,174321.0,173248.5,-692.25,-380.25,-1072.5,-0.6152442907050786,4
2023-11-09,173248.5,173794.5,477.75,68.25,546.0,0.3151542437596862,6
2023-11-10,173794.5,174844.25,-809.25,1859.0,1049.75,0.6040179637445374,4
2023-11-12,174844.25,174844.25,0.0,0.0,0.0,0.0,0
2023-11-13,174844.25,175221.25,-497.25,874.25,377.0,0.21562047365012005,3
2023-11-15,175221.25,175985.0,-750.75,1514.5,763.75,0.4358774977350065,5
2023-11-16,175985.0,174366.5,-2544.75,926.25,-1618.5,-0.9196806546012444,3
2023-11-17,174366.5,173264.75,698.75,-1800.5,-1101.75,-0.631858757272756,4
2023-11-20,173264.75,173901.75,1543.75,-906.75,637.0,0.3676454674133082,5
2023-11-21,173901.75,173843.25,-539.5,481.0,-58.5,-0.033639684477010726,3
2023-11-22,173843.25,176134.5,308.75,1982.5,2291.25,1.317997678943531,4
2023-11-23,176134.5,179072.5,2340.0,598.0,2938.0,1.6680434554275283,3
2023-11-24,179072.5,179660.75,39.0,549.25,588.25,0.3284982339555208,3
2023-11-28,179660.75,179404.0,-1787.5,1530.75,-256.75,-0.14290823120798507,4
2023-11-29,179404.0,180210.0,-1088.75,1894.75,806.0,0.44926534525428646,5
2023-11-30,180210.0,176147.5,-6337.5,2275.0,-4062.5,-2.254314410964985,4
2023-12-01,176147.5,174363.25,-1469.0,-315.25,-1784.25,-1.012929505102258,4
2023-12-04,174363.25,174688.25,-1118.0,1443.0,325.0,0.18639248809597206,4
2023-12-05,174688.25,175910.25,-130.0,1352.0,1222.0,0.6995318803640199,4
2023-12-06,175910.25,174925.5,-393.25,-591.5,-984.75,-0.5598025129291784,4
2023-12-07,174925.5,178627.25,1205.75,2496.0,3701.75,2.116186605154766,3
2023-12-08,178627.25,178019.5,1329.25,-1937.0,-607.75,-0.3402336429632097,4
2023-12-11,178019.5,178110.5,-58.5,149.5,91.0,0.051117995500492924,3
2023-12-12,178110.5,180219.75,2057.25,52.0,2109.25,1.1842367519040147,4
2023-12-13,180219.75,178633.75,-2024.75,438.75,-1586.0,-0.8800367329329888,3
2023-12-14,178633.75,179592.5,-724.75,1683.5,958.75,0.536712687272142,4
2023-12-15,179592.5,178643.5,-2977.0,2028.0,-949.0,-0.5284185029998468,2
2023-12-18,178643.5,179813.5,1891.5,-721.5,1170.0,0.6549356679644095,4
2023-12-19,179813.5,179972.75,-2596.75,2756.0,159.25,0.088563984350452,4
2023-12-20,179972.75,182663.75,4192.5,-1501.5,2691.0,1.4952263606573772,3
2023-12-21,182663.75,179989.0,-5479.5,2804.75,-2674.75,-1.464302577824007,4
2023-12-22,179989.0,180135.25,1072.5,-926.25,146.25,0.08125496558122997,4
2023-12-26,180135.25,183593.25,1657.5,1800.5,3458.0,1.919668693384554,2
2023-12-27,183593.25,182358.25,-2395.25,1160.25,-1235.0,-0.6726826830507113,5
2023-12-28,182358.25,182589.0,-1612.0,1842.75,230.75,0.12653663873172724,5
2023-12-29,182589.0,181601.0,-1829.75,841.75,-988.0,-0.5411059811927333,6
2024-01-01,181601.0,181835.0,-1189.5,1423.5,234.0,0.1288539160026652,4
2024-01-02,181835.0,184792.5,1176.5,1781.0,2957.5,1.6264745511040228,2
2024-01-03,184792.5,185780.5,3653.0,-2665.0,988.0,0.5346537332413382,4
2024-01-04,185780.5,186736.0,-1228.5,2184.0,955.5,0.5143166263413006,4
2024-01-05,186736.0,187018.75,1365.0,-1082.25,282.75,0.15141697369548454,4
2024-01-08,187018.75,188214.75,3064.75,-1868.75,1196.0,0.6395080707148347,4
2024-01-09,188214.75,191282.75,3591.25,-523.25,3068.0,1.630052904992834,4
2024-01-10,191282.75,186726.25,-3029.0,-1527.5,-4556.5,-2.382075749120085,5
2024-01-11,186726.25,188962.25,2928.25,-692.25,2236.0,1.1974749131415643,4
2024-01-12,188962.25,188764.0,-2746.25,2548.0,-198.25,-0.10491513516588631,4
2024-01-15,188764.0,187733.75,-3692.0,2661.75,-1030.25,-0.5457873323303172,4
2024-01-16,187733.75,189014.25,3185.0,-1904.5,1280.5,0.6820830031893573,3
2024-01-17,189014.25,193372.5,4836.0,-477.75,4358.25,2.305778532570957,3
2024-01-18,193372.5,191110.5,-5102.5,2840.5,-2262.0,-1.1697630221463755,4
2024-01-19,191110.5,190330.5,-520.0,-260.0,-780.0,-0.4081408399852441,4
2024-01-20,190330.5,192088.75,2063.75,-305.5,1758.25,0.9237878322181678,4
2024-01-23,192088.75,199619.0,8063.25,-533.0,7530.25,3.9201931398897645,2
2024-01-24,199619.0,198631.0,-1901.25,913.25,-988.0,-0.49494286616003486,4
2024-01-25,198631.0,206262.0,3493.75,4137.25,7631.0,3.841797101157422,2
2024-01-29,206262.0,206278.25,-2229.5,2245.75,16.25,0.007878329503253144,4
2024-01-30,206278.25,210145.75,6870.5,-3003.0,3867.5,1.874894711391046,3
2024-01-31,210145.75,212024.25,-1183.0,3061.5,1878.5,0.8939033979987699,3
2024-02-01,212024.25,213376.25,5564.0,-4212.0,1352.0,0.6376629088417952,4
2024-02-02,213376.25,218927.25,6129.5,-578.5,5551.0,2.6015078997779746,4
2024-02-05,218927.25,217292.5,3464.5,-5099.25,-1634.75,-0.7467092378861014,4
2024-02-06,217292.5,214569.0,-4888.0,2164.5,-2723.5,-1.2533796610559498,5
2024-02-07,214569.0,217312.0,2002.0,741.0,2743.0,1.2783766527317553,3
2024-02-08,217312.0,219021.5,2401.75,-692.25,1709.5,0.7866569724635546,4
2024-02-09,219021.5,216824.5,-1101.75,-1095.25,-2197.0,-1.0030978693872519,4
2024-02-12,216824.5,218131.0,4134.0,-2827.5,1306.5,0.6025610574450766,3
2024-02-13,218131.0,219652.0,-2418.0,3939.0,1521.0,0.697287409859213,3
2024-02-14,219652.0,223012.5,-2158.0,5518.5,3360.5,1.5299200553602972,4
2024-02-15,223012.5,223181.5,139.75,29.25,169.0,0.07578050557704165,5
2024-02-16,223181.5,220227.25,-3142.75,188.5,-2954.25,-1.3236984248246382,4
2024-02-19,220227.25,219512.25,-3399.5,2684.5,-715.0,-0.32466463618830094,4
2024-02-20,219512.25,221218.5,-3181.75,4888.0,1706.25,0.7772914723437986,4
2024-02-21,221218.5,225453.25,4433.0,-198.25,4234.75,1.9142838415412817,2
2024-02-22,225453.25,224033.0,-4910.75,3490.5,-1420.25,-0.6299532164650543,2
2024-02-23,224033.0,223084.0,2327.0,-3276.0,-949.0,-0.4235983091776658,4
2024-02-26,223084.0,225196.5,1423.5,689.0,2112.5,0.94695271736207,2
2024-02-27,225196.5,223607.25,-3376.75,1787.5,-1589.25,-0.7057170071470916,6
2024-02-28,223607.25,223961.5,3935.75,-3581.5,354.25,0.15842509578736824,4
2024-02-29,223961.5,222775.25,-997.75,-188.5,-1186.25,-0.5296669293606268,3
2024-03-01,222775.25,224384.0,-2353.0,3961.75,1608.75,0.722140363438039,4
2024-03-02,224384.0,224621.25,237.25,0.0,237.25,0.10573392042213349,1
2024-03-04,224621.25,224852.0,-94.25,325.0,230.75,0.1027284818333083,3
2024-03-05,224852.0,224527.0,-477.75,152.75,-325.0,-0.14453951932826925,4
2024-03-06,224527.0,220256.5,-5102.5,832.0,-4270.5,-1.9019984233522025,4
2024-03-07,220256.5,219252.25,-1124.5,120.25,-1004.25,-0.4559456815122369,5
2024-03-11,219252.25,221270.5,3838.25,-1820.0,2018.25,0.9205150688305365,3
2024-03-12,221270.5,223165.25,2726.75,-832.0,1894.75,0.8563048395515896,4
2024-03-13,223165.25,227998.0,7270.25,-2437.5,4832.75,2.1655477275247828,4
2024-03-14,227998.0,233048.5,2271.75,2778.75,5050.5,2.2151510100965797,3
2024-03-15,233048.5,232252.25,-672.75,-123.5,-796.25,-0.34166707788292994,4
2024-03-18,232252.25,232236.0,-3048.5,3032.25,-16.25,-0.00699670293829231,4
2024-03-19,232236.0,234195.75,3422.25,-1462.5,1959.75,0.8438614168345993,4
2024-03-20,234195.75,231690.0,-4959.5,2453.75,-2505.75,-1.0699382888032767,4
2024-03-21,231690.0,229158.25,2041.0,-4572.75,-2531.75,-1.0927316673140834,3
2024-03-22,229158.25,229324.0,-3211.0,3376.75,165.75,0.07232992920830911,4
2024-03-26,229324.0,227942.75,-763.75,-617.5,-1381.25,-0.6023137569552249,5
2024-03-27,227942.75,227026.25,-806.0,-110.5,-916.5,-0.4020746437427819,4
2024-03-28,227026.25,221517.5,-7195.5,1686.75,-5508.75,-2.4264815192075804,4
2024-04-01,221517.5,221936.75,1680.25,-1261.0,419.25,0.18926269933526696,3
2024-04-02,221936.75,222174.0,-286.0,523.25,237.25,0.10689982618921834,3
2024-04-03,222174.0,227286.25,1355.25,3757.0,5112.25,2.3010118195648457,3
2024-04-04,227286.25,224822.75,-5479.5,3016.0,-2463.5,-1.0838755094071904,4
2024-04-05,224822.75,225635.25,-971.75,1784.25,812.5,0.3613958106997624,3
2024-04-08,225635.25,226545.25,-760.5,1670.5,910.0,0.4033057777984601,3
2024-04-09,226545.25,228128.0,2798.25,-1215.5,1582.75,0.6986462969318491,4
2024-04-10,228128.0,229359.75,204.75,1027.0,1231.75,0.5399381049235517,5
2024-04-12,229359.75,230978.25,3357.25,-1738.75,1618.5,0.705659994833444,4
2024-04-15,230978.25,232850.25,3799.25,-1927.25,1872.0,0.810465920492514,2
2024-04-16,232850.25,234117.75,468.0,799.5,1267.5,0.5443412665436262,4
2024-04-18,234117.75,219863.25,-1017.25,-13237.25,-14254.5,-6.088602850488697,4
2024-04-19,219863.25,223457.75,-2616.25,6210.75,3594.5,1.6348798628238232,4
2024-04-22,223457.75,225849.75,-2132.0,4524.0,2392.0,1.070448440477003,3
2024-04-23,225849.75,225511.75,373.75,-711.75,-338.0,-0.14965701755259858,5
2024-04-24,225511.75,226704.5,2336.75,-1144.0,1192.75,0.5289081389328937,2
2024-04-25,226704.5,223753.5,-5846.75,2895.75,-2951.0,-1.3016944965803503,3
2024-04-26,223753.5,224874.75,3077.75,-1956.5,1121.25,0.5011094798517118,4
2024-04-29,224874.75,223223.75,-3246.75,1595.75,-1651.0,-0.7341864749154807,4
2024-04-30,223223.75,222255.25,282.75,-1251.25,-968.5,-0.4338696039287934,4
2024-05-02,222255.25,222830.5,-2138.5,2713.75,575.25,0.25882403227820266,4
2024-05-03,222830.5,230159.25,5866.25,1462.5,7328.75,3.2889348630461273,4
2024-05-07,230159.25,230159.25,0.0,0.0,0.0,0.0,0
2024-05-08,230159.25,225082.75,-5447.0,370.5,-5076.5,-2.2056467424185646,5
2024-05-09,225082.75,226035.0,2541.5,-1589.25,952.25,0.42306662771802817,4
2024-05-10,226035.0,226873.5,3129.75,-2291.25,838.5,0.3709602495188798,4
2024-05-13,226873.5,226980.75,-4059.25,4166.5,107.25,0.047273039821750885,5
2024-05-14,226980.75,227484.5,-3675.75,4179.5,503.75,0.22193512004872662,4
2024-05-15,227484.5,225014.5,559.0,-3029.0,-2470.0,-1.0857882624970052,3
2024-05-16,225014.5,216821.25,-8245.25,52.0,-8193.25,-3.6412097887025054,5
2024-05-17,216821.25,218963.0,-1478.75,3620.5,2141.75,0.9877952460840439,4
2024-05-18,218963.0,218563.25,-253.5,-146.25,-399.75,-0.18256509090576947,3
2024-05-21,218563.25,219684.5,-32.5,1153.75,1121.25,0.5130093920181,4
2024-05-22,219684.5,217533.0,-3159.0,1007.5,-2151.5,-0.979359035343868,4
2024-05-23,217533.0,218040.0,-3272.75,3779.75,507.0,0.23306808622140088,4
2024-05-24,218040.0,217484.25,-2756.0,2200.25,-555.75,-0.2548844248761695,4
2024-05-27,217484.25,218612.0,3419.0,-2291.25,1127.75,0.5185432968134474,5
2024-05-28,218612.0,220929.25,2733.25,-416.0,2317.25,1.0599829835507657,3
2024-05-29,220929.25,224036.25,4134.0,-1027.0,3107.0,1.4063325702685363,3
2024-05-30,224036.25,222947.5,-175.5,-913.25,-1088.75,-0.4859704623693711,6
2024-05-31,222947.5,216515.75,-4852.25,-1579.5,-6431.75,-2.8848719990132206,5
2024-06-03,216515.75,212833.5,-4975.75,1293.5,-3682.25,-1.7006845922294338,4
2024-06-04,212833.5,217617.5,0.0,4784.0,4784.0,2.2477664465415454,3
2024-06-05,217617.5,220185.0,-9613.5,12181.0,2567.5,1.1798223947982125,4
2024-06-06,220185.0,212515.0,3201.25,-10871.25,-7670.0,-3.4834343847219382,6
2024-06-07,212515.0,215852.75,-4914.0,8251.75,3337.75,1.5705950168223421,4
2024-06-10,215852.75,214643.75,-97.5,-1111.5,-1209.0,-0.5601040524153619,5
2024-06-11,214643.75,212502.0,-1677.0,-464.75,-2141.75,-0.9978161488512943,4
2024-06-12,212502.0,213441.25,2609.75,-1670.5,939.25,0.44199584003915254,4
2024-06-13,213441.25,218391.0,2723.5,2226.25,4949.75,2.3190222133725324,3
2024-06-14,218391.0,218098.5,-1508.0,1215.5,-292.5,-0.13393409069055043,4
2024-06-18,218098.5,216749.75,-133.25,-1215.5,-1348.75,-0.6184132398893161,4
2024-06-19,216749.75,214442.25,-4082.0,1774.5,-2307.5,-1.0645917700020415,3
2024-06-20,214442.25,216317.5,-1339.0,3214.25,1875.25,0.8744778605895059,4
2024-06-21,216317.5,214422.75,2639.0,-4533.75,-1894.75,-0.8759115651761878,4
2024-06-24,214422.75,216616.5,-1205.75,3399.5,2193.75,1.0230957302804857,3
2024-06-25,216616.5,217390.0,-1335.75,2109.25,773.5,0.35708267837399277,4
2024-06-26,217390.0,220685.5,-1426.75,4722.25,3295.5,1.515939095634574,3
2024-06-27,220685.5,216171.25,-3958.5,-555.75,-4514.25,-2.0455580452725712,4
2024-06-28,216171.25,219310.75,4101.5,-962.0,3139.5,1.4523207873387418,4
2024-07-01,219310.75,216473.5,-3094.0,256.75,-2837.25,-1.2937122325285013,5
2024-07-02,216473.5,216671.75,1267.5,-1069.25,198.25,0.09158164856206417,3
2024-07-03,216671.75,213330.75,-757.25,-2583.75,-3341.0,-1.5419638231564567,5
2024-07-04,213330.75,214136.75,2275.0,-1469.0,806.0,0.37781707512864415,4
2024-07-05,214136.75,215693.5,-1553.5,3110.25,1556.75,0.7269887116527173,4
2024-07-08,215693.5,215371.75,-679.25,357.5,-321.75,-0.14917000280490603,4
2024-07-09,215371.75,215482.25,-1329.25,1439.75,110.5,0.05130663608388751,4
2024-07-10,215482.25,221868.5,2518.75,3867.5,6386.25,2.963701186524644,2
2024-07-11,221868.5,218924.0,-1456.0,-1488.5,-2944.5,-1.327137471069575,4
2024-07-12,218924.0,215683.75,-5518.5,2278.25,-3240.25,-1.4800798450603863,4
2024-07-15,215683.75,216697.75,-331.5,1345.5,1014.0,0.47013277541771226,3
2024-07-16,216697.75,216372.75,1833.0,-2158.0,-325.0,-0.1499784838559699,6
2024-07-18,216372.75,214390.25,-5011.5,3029.0,-1982.5,-0.9162429187594094,4
2024-07-19,214390.25,217100.75,5541.25,-2830.75,2710.5,1.264283240492513,4
2024-07-22,217100.75,219476.5,2587.0,-211.25,2375.75,1.0943075968185279,3
2024-07-23,219476.5,223090.5,3991.0,-377.0,3614.0,1.6466455406387475,4
2024-07-24,223090.5,220971.5,906.75,-3025.75,-2119.0,-0.9498387425730814,5
2024-07-25,220971.5,220724.5,-2395.25,2148.25,-247.0,-0.11177912083685002,5
2024-07-26,220724.5,223032.0,-3185.0,5492.5,2307.5,1.0454208753446037,3
2024-07-29,223032.0,218521.0,-185.25,-4325.75,-4511.0,-2.022579719502134,5
2024-07-30,218521.0,214409.75,-1654.25,-2457.0,-4111.25,-1.8813981264958517,4
2024-07-31,214409.75,211848.75,-136.5,-2424.5,-2561.0,-1.194441950517642,5
2024-08-01,211848.75,214448.75,2710.5,-110.5,2600.0,1.2272906967824924,4
2024-08-02,214448.75,212996.0,2109.25,-3562.0,-1452.75,-0.6774345851864374,2
2024-08-05,212996.0,210623.5,1248.0,-3620.5,-2372.5,-1.1138706830175216,4
2024-08-06,210623.5,213389.25,6841.25,-4075.5,2765.75,1.3131250786355748,3
2024-08-07,213389.25,206869.75,-4225.0,-2294.5,-6519.5,-3.0552148245518462,4
2024-08-08,206869.75,207019.25,2944.5,-2795.0,149.5,0.07226769501099121,4
2024-08-09,207019.25,204110.5,-2655.25,-253.5,-2908.75,-1.405062572683458,4
2024-08-12,204110.5,207549.0,1709.5,1729.0,3438.5,1.6846267095519336,3
2024-08-13,207549.0,210386.25,4748.25,-1911.0,2837.25,1.3670265816746887,4
2024-08-14,210386.25,213639.5,633.75,2619.5,3253.25,1.5463225377133725,4
2024-08-16,213639.5,217247.0,-3513.25,7120.75,3607.5,1.6885922313055406,4
2024-08-19,217247.0,217728.0,1023.75,-542.75,481.0,0.2214069699466506,3
2024-08-20,217728.0,218563.25,1043.25,-208.0,835.25,0.3836208480305703,2
2024-08-21,218563.25,220029.0,-1423.5,2889.25,1465.75,0.67062966898598,3
2024-08-22,220029.0,221416.75,279.5,1108.25,1387.75,0.6307123151948152,4
2024-08-23,221416.75,221286.75,-536.25,406.25,-130.0,-0.05871281192592701,2
2024-08-26,221286.75,220045.25,-1563.25,321.75,-1241.5,-0.561036754347018,4
2024-08-27,220045.25,219954.25,-464.75,373.75,-91.0,-0.041355130365231696,4
2024-08-28,219954.25,222619.25,1608.75,1056.25,2665.0,1.2116155973344458,4
2024-08-29,222619.25,217065.0,-2031.25,-3523.0,-5554.25,-2.494954951110472,4
2024-08-30,217065.0,217113.75,-2268.5,2317.25,48.75,0.02245871052449727,4
2024-09-02,217113.75,218300.0,1374.75,-188.5,1186.25,0.5463725811930382,4
2024-09-03,218300.0,217162.5,-689.0,-448.5,-1137.5,-0.5210719193770041,6
2024-09-04,217162.5,218963.0,-1283.75,3084.25,1800.5,0.8291026305186208,3
2024-09-05,218963.0,221891.25,2759.25,169.0,2928.25,1.3373263976105552,3
2024-09-06,221891.25,219700.75,2522.0,-4712.5,-2190.5,-0.9871953040059038,4
2024-09-09,219700.75,221085.25,-1891.5,3276.0,1384.5,0.630175363534262,4
2024-09-10,221085.25,227510.5,1017.25,5408.0,6425.25,2.906231872094588,3
2024-09-11,227510.5,225599.5,55.25,-1966.25,-1911.0,-0.8399612325584973,6
2024-09-12,225599.5,223064.5,-4179.5,1644.5,-2535.0,-1.1236727031753173,3
2024-09-13,223064.5,224982.0,1131.0,786.5,1917.5,0.85961683728249,3
2024-09-16,224982.0,227182.25,1053.0,1147.25,2200.25,0.9779671262589896,2
2024-09-17,227182.25,226356.75,-1985.75,1160.25,-825.5,-0.3633646554693423,4
2024-09-18,226356.75,223568.25,-1316.25,-1472.25,-2788.5,-1.2319049465059029,5
2024-09-19,223568.25,222453.5,2476.5,-3591.25,-1114.75,-0.498617312610355,4
2024-09-20,222453.5,220077.75,-6454.5,4078.75,-2375.75,-1.0679760039738642,4
2024-09-23,220077.75,220357.25,-429.0,708.5,279.5,0.12700057138897503,3
2024-09-24,220357.25,219018.25,-549.25,-789.75,-1339.0,-0.6076496235090971,6
2024-09-25,219018.25,221355.0,-737.75,3074.5,2336.75,1.0669202224015577,3
2024-09-26,221355.0,220893.5,-3799.25,3337.75,-461.5,-0.20848862686634592,4
2024-09-27,220893.5,219424.5,812.5,-2281.5,-1469.0,-0.6650263588561909,5
2024-09-30,219424.5,222726.5,4819.75,-1517.75,3302.0,1.5048456302737387,4
2024-10-01,222726.5,227962.25,3266.25,1969.5,5235.75,2.3507530536330434,2
2024-10-03,227962.25,231293.5,4176.25,-845.0,3331.25,1.4613165118347446,2
2024-10-04,231293.5,233129.75,6425.25,-4589.0,1836.25,0.7939047141402591,4
2024-10-07,233129.75,238641.75,7439.25,-1927.25,5512.0,2.364348608446584,3
2024-10-08,238641.75,239655.75,-4501.25,5515.25,1014.0,0.4249046950083127,4
2024-10-09,239655.75,243542.75,4114.5,-227.5,3887.0,1.6219097601455421,3
2024-10-10,243542.75,243338.0,2434.25,-2639.0,-204.75,-0.08407148231675958,4
2024-10-11,243338.0,246458.0,1725.75,1394.25,3120.0,1.2821671913141393,2
2024-10-14,246458.0,245954.25,-1829.75,1326.0,-503.75,-0.2043958808397374,4
2024-10-15,245954.25,247137.25,1699.75,-516.75,1183.0,0.4809837601911737,3
2024-10-16,247137.25,248941.0,3792.75,-1989.0,1803.75,0.7298575993703904,4
2024-10-17,248941.0,248001.75,893.75,-1833.0,-939.25,-0.37729823532483603,5
2024-10-18,248001.75,254687.0,809.25,5876.0,6685.25,2.6956463008829576,3
2024-10-21,254687.0,248437.25,-5157.75,-1092.0,-6249.75,-2.4538943880135227,4
2024-10-22,248437.25,247826.25,4878.25,-5489.25,-611.0,-0.2459373544023692,4
2024-10-23,247826.25,247397.25,731.25,-1160.25,-429.0,-0.1731051492729281,3
2024-10-24,247397.25,251443.5,1361.75,2684.5,4046.25,1.6355274765584502,2
2024-10-25,251443.5,251073.0,3311.75,-3682.25,-370.5,-0.14734920568636692,4
2024-10-28,251073.0,252252.75,-1157.0,2336.75,1179.75,0.4698832610436009,3
2024-10-29,252252.75,252395.75,-5833.75,5976.75,143.0,0.05668917385439802,4
2024-10-30,252395.75,251989.5,692.25,-1098.5,-406.25,-0.1609575438572163,5
2024-10-31,251989.5,252551.75,2999.75,-2437.5,562.25,0.2231243762140883,4
2024-11-01,252551.75,252551.75,0.0,0.0,0.0,0.0,0
2024-11-04,252551.75,259874.0,1433.25,5889.0,7322.25,2.8993067757400217,2
2024-11-05,259874.0,262337.5,-2330.25,4793.75,2463.5,0.9479593957071504,5
2024-11-06,262337.5,258840.5,-5645.25,2148.25,-3497.0,-1.3330156763710868,5
2024-11-07,258840.5,260728.75,3250.0,-1361.75,1888.25,0.7295033041583523,4
2024-11-08,260728.75,260780.75,2265.25,-2213.25,52.0,0.019944098991768265,3
2024-11-11,260780.75,261707.0,2889.25,-1963.0,926.25,0.35518342515695656,4
2024-11-12,261707.0,262028.75,4533.75,-4212.0,321.75,0.12294283301554793,3
2024-11-13,262028.75,264453.25,6402.5,-3978.0,2424.5,0.9252801457855293,3
2024-11-14,264453.25,265077.25,2548.0,-1924.0,624.0,0.2359585295321574,3
2024-11-18,265077.25,264290.75,-692.25,-94.25,-786.5,-0.2967059602436648,4
2024-11-19,264290.75,263137.0,2931.5,-4085.25,-1153.75,-0.43654573608800157,3
2024-11-21,263137.0,267547.25,344.5,4065.75,4410.25,1.6760280766292843,2
2024-11-22,267547.25,264547.5,-7338.5,4338.75,-2999.75,-1.121203824744975,4
2024-11-25,264547.5,265740.25,2336.75,-1144.0,1192.75,0.45086421153101053,5
2024-11-26,265740.25,268304.5,2934.75,-370.5,2564.25,0.9649460328271686,4
2024-11-27,268304.5,266637.25,-4407.0,2739.75,-1667.25,-0.6214021755132695,4
2024-11-28,266637.25,261973.5,5281.25,-9945.0,-4663.75,-1.7490991975052248,4
2024-11-29,261973.5,258736.5,-5749.25,2512.25,-3237.0,-1.2356211601555118,5
2024-12-02,258736.5,254183.25,-6935.5,2382.25,-4553.25,-1.7598019606820066,4
2024-12-03,254183.25,257157.0,-1261.0,4234.75,2973.75,1.1699236672754794,4
2024-12-04,257157.0,251703.5,1872.0,-7325.5,-5453.5,-2.120688917665084,4
2024-12-05,251703.5,242171.25,-15678.0,6145.75,-9532.25,-3.7870947364657224,5
2024-12-06,242171.25,243380.25,-793.0,2002.0,1209.0,0.4992334969572152,4
2024-12-09,243380.25,245427.75,841.75,1205.75,2047.5,0.8412761512078322,3
2024-12-10,245427.75,246113.5,2089.75,-1404.0,685.75,0.2794101319023623,4
2024-12-11,246113.5,248434.0,185.25,2135.25,2320.5,0.9428576652641972,3
2024-12-12,248434.0,251177.0,1937.0,806.0,2743.0,1.1041161837751676,4
2024-12-13,251177.0,254492.0,-7127.25,10442.25,3315.0,1.3197864454149861,4
2024-12-16,254492.0,256819.0,809.25,1517.75,2327.0,0.9143705892523144,4
2024-12-17,256819.0,258509.0,6087.25,-4397.25,1690.0,0.6580510008994661,4
2024-12-18,258509.0,258021.5,1043.25,-1530.75,-487.5,-0.18858144203876848,5
2024-12-19,258021.5,260712.5,247.0,2444.0,2691.0,1.0429363444519157,3
2024-12-20,260712.5,265542.0,9119.5,-4290.0,4829.5,1.8524236467373063,4
2024-12-23,265542.0,268593.75,3321.5,-269.75,3051.75,1.1492532254784553,3
2024-12-24,268593.75,272692.0,3103.75,994.5,4098.25,1.5258173356602676,2
2024-12-26,272692.0,271265.25,3204.5,-4631.25,-1426.75,-0.5232093350740029,4
2024-12-27,271265.25,275425.25,4537.0,-377.0,4160.0,1.5335543347332548,3
2024-12-30,275425.25,277778.25,4485.0,-2132.0,2353.0,0.8543152815509835,4
2025-01-01,277778.25,274772.0,-5986.5,2980.25,-3006.25,-1.0822481601781277,4
2025-01-02,274772.0,278002.5,-3422.25,6652.75,3230.5,1.1757020365976156,3
2025-01-03,278002.5,276244.25,2288.0,-4046.25,-1758.25,-0.6324583412019676,4
2025-01-06,276244.25,271798.25,3399.5,-7845.5,-4446.0,-1.6094452644715682,3
2025-01-07,271798.25,274180.5,1751.75,630.5,2382.25,0.8764773135956541,2
2025-01-08,274180.5,273501.25,-3692.0,3012.75,-679.25,-0.24773826001484425,5
2025-01-09,273501.25,268262.25,1443.0,-6682.0,-5239.0,-1.9155305505916334,4
2025-01-10,268262.25,272464.5,2096.25,2106.0,4202.25,1.566470869457033,3
2025-01-13,272464.5,275795.75,3913.0,-581.75,3331.25,1.2226363434502476,3
2025-01-14,275795.75,276306.0,-1215.5,1725.75,510.25,0.18501010258497458,4
2025-01-15,276306.0,277394.75,1862.25,-773.5,1088.75,0.39403776971907956,5
2025-01-16,277394.75,279549.5,221.0,1933.75,2154.75,0.7767811034635659,3
2025-01-17,279549.5,272922.75,-6636.5,9.75,-6626.75,-2.3705104104997505,5
2025-01-20,272922.75,275539.0,-1381.25,3997.5,2616.25,0.9586045868290569,4
2025-01-21,275539.0,264892.0,-1807.0,-8840.0,-10647.0,-3.8640628005472912,4
2025-01-22,264892.0,259805.75,-1712.75,-3373.5,-5086.25,-1.92012216299473,6
2025-01-23,259805.75,261830.5,464.75,1560.0,2024.75,0.7793322511145345,3
2025-01-24,261830.5,262295.25,3133.0,-2668.25,464.75,0.17750032941158497,4
2025-01-27,262295.25,263062.25,1150.5,-383.5,767.0,0.2924185626693583,5
2025-01-28,263062.25,260130.75,-5492.5,2561.0,-2931.5,-1.114375019600874,5
2025-01-29,260130.75,251901.75,-7231.25,-997.75,-8229.0,-3.1634091701961418,5
2025-01-30,251901.75,261063.5,4407.0,4754.75,9161.75,3.6370330892897726,3
2025-01-31,261063.5,267875.5,-1495.0,8307.0,6812.0,2.609326849597895,4
2025-02-01,267875.5,268041.25,2340.0,-2174.25,165.75,0.061875759447952504,5
2025-02-03,268041.25,266419.5,-4530.5,2908.75,-1621.75,-0.60503747091166,4
2025-02-04,266419.5,270108.25,-3341.0,7029.75,3688.75,1.3845645682842285,4
2025-02-05,270108.25,267846.25,1712.75,-3974.75,-2262.0,-0.8374420255582715,3
2025-02-06,267846.25,272087.5,2626.0,1615.25,4241.25,1.5834643942186983,4
2025-02-07,272087.5,265399.0,-6474.0,-214.5,-6688.5,-2.4582165663619238,6
2025-02-10,265399.0,263124.0,578.5,-2853.5,-2275.0,-0.857199914091613,4
2025-02-11,263124.0,267215.75,4270.5,-178.75,4091.75,1.5550652924096624,4
2025-02-12,267215.75,266409.75,-5040.75,4234.75,-806.0,-0.30162892718711376,4
2025-02-13,266409.75,266279.75,1332.5,-1462.5,-130.0,-0.04879701287208895,5
2025-02-14,266279.75,262474.0,656.5,-4462.25,-3805.75,-1.4292299733644784,4
2025-02-17,262474.0,259896.75,-6896.5,4319.25,-2577.25,-0.981906779338144,4
2025-02-18,259896.75,258921.75,-2694.25,1719.25,-975.0,-0.3751489774304604,3
2025-02-19,258921.75,256507.0,117.0,-2531.75,-2414.75,-0.9326176731000776,4
2025-02-20,256507.0,258346.5,-1439.75,3279.25,1839.5,0.717134425181379,4
2025-02-21,258346.5,258947.75,1560.0,-958.75,601.25,0.23273007375753108,3
2025-02-24,258947.75,257781.0,-110.5,-1056.25,-1166.75,-0.4505735230369833,5
2025-02-25,257781.0,258639.0,2024.75,-1166.75,858.0,0.3328406670778684,3
2025-02-27,258639.0,257696.5,-302.25,-640.25,-942.5,-0.3644075332799771,6
2025-02-28,257696.5,257212.25,1231.75,-1716.0,-484.25,-0.18791485332552052,5
2025-03-03,257212.25,256078.0,-949.0,-185.25,-1134.25,-0.44097821934997267,3
2025-03-04,256078.0,254290.5,-1823.25,35.75,-1787.5,-0.6980295066346972,3
2025-03-05,254290.5,257914.25,815.75,2808.0,3623.75,1.4250434050819831,2
2025-03-06,257914.25,253604.75,-8697.0,4387.5,-4309.5,-1.6709041861781582,4
2025-03-07,253604.75,251921.25,633.75,-2317.25,-1683.5,-0.6638282603145249,4
2025-03-10,251921.25,252896.25,3311.75,-2336.75,975.0,0.38702570743833636,5
2025-03-11,252896.25,255626.25,-487.5,3217.5,2730.0,1.0794940612998414,3
2025-03-12,255626.25,250683.0,-565.5,-4377.75,-4943.25,-1.933780274913081,4
2025-03-13,250683.0,247667.0,1586.0,-4602.0,-3016.0,-1.2031130950243933,4
2025-03-17,247667.0,249347.25,1530.75,149.5,1680.25,0.6784311192044156,3
2025-03-18,249347.25,251560.5,-1712.75,3926.0,2213.25,0.8876175694738963,4
2025-03-19,251560.5,248837.0,-3035.5,312.0,-2723.5,-1.0826421477139694,5
2025-03-20,248837.0,250666.75,-1010.75,2840.5,1829.75,0.7353207119520008,3
2025-03-21,250666.75,253377.25,-16.25,2726.75,2710.5,1.0813161298816056,4
2025-03-24,253377.25,254098.75,-2668.25,3389.75,721.5,0.2847532681012206,4
2025-03-25,254098.75,257456.0,5424.25,-2067.0,3357.25,1.3212382981026078,3
2025-03-26,257456.0,258788.5,4364.75,-3032.25,1332.5,0.5175641663041451,4
2025-03-27,258788.5,261278.0,594.75,1894.75,2489.5,0.9619824683090632,4
2025-03-28,261278.0,261638.75,3854.5,-3493.75,360.75,0.13807132632674773,5
2025-04-01,261638.75,266006.75,5388.5,-1020.5,4368.0,1.6694774761001574,4
2025-04-02,266006.75,264290.75,-3289.0,1573.0,-1716.0,-0.6450964120271384,4
2025-04-03,264290.75,266614.5,861.25,1462.5,2323.75,0.8792400036702003,2
2025-04-04,266614.5,269208.0,2876.25,-282.75,2593.5,0.9727527947654759,4
2025-04-07,269208.0,264089.25,-7868.25,2749.5,-5118.75,-1.9014108050280822,5
2025-04-08,264089.25,260819.75,-2054.0,-1215.5,-3269.5,-1.2380284316760337,5
2025-04-09,260819.75,261375.5,-266.5,822.25,555.75,0.2130781890558518,4
2025-04-11,261375.5,257482.0,-640.25,-3253.25,-3893.5,-1.4896193407568803,5
2025-04-15,257482.0,257287.0,510.25,-705.25,-195.0,-0.07573344932849675,6
2025-04-16,257287.0,252571.25,-3679.0,-1036.75,-4715.75,-1.8328753493180767,5
2025-04-17,252571.25,248739.5,-8069.75,4238.0,-3831.75,-1.5170966608432275,4
2025-04-21,248739.5,253227.75,672.75,3815.5,4488.25,1.8043977735743617,4
2025-04-22,253227.75,252337.25,-162.5,-728.0,-890.5,-0.3516597213378076,4
2025-04-23,252337.25,252863.75,-1696.5,2223.0,526.5,0.20864933734516009,2
2025-04-24,252863.75,253552.75,1283.75,-594.75,689.0,0.2724787558517186,4
2025-04-25,253552.75,256763.75,838.5,2372.5,3211.0,1.2664031449077164,3
2025-04-28,256763.75,259136.25,0.0,2372.5,2372.5,0.9240011489160757,3
2025-04-29,259136.25,259295.5,1134.25,-975.0,159.25,0.06145415780308621,5
2025-04-30,259295.5,260199.0,526.5,377.0,903.5,0.3484441496285126,3
2025-05-02,260199.0,268304.5,7774.0,331.5,8105.5,3.115115738338733,3
2025-05-05,268304.5,269091.0,1699.75,-913.25,786.5,0.2931370886436866,3
2025-05-06,269091.0,268148.5,1989.0,-2931.5,-942.5,-0.3502532600495743,3
2025-05-07,268148.5,270491.75,318.5,2024.75,2343.25,0.8738628036330616,2
2025-05-08,270491.75,272155.75,672.75,991.25,1664.0,0.615175878746764,2
2025-05-09,272155.75,271886.0,-182.0,-87.75,-269.75,-0.09911603925325849,3
2025-05-12,271886.0,273134.0,-3064.75,4312.75,1248.0,0.4590159110803793,4
2025-05-13,273134.0,266936.25,-682.5,-5515.25,-6197.75,-2.2691243126084633,6
2025-05-14,266936.25,266201.75,2882.75,-3617.25,-734.5,-0.2751593311137023,4
2025-05-15,266201.75,261050.5,-13045.5,7894.25,-5151.25,-1.9350924627655526,4
2025-05-16,261050.5,258028.0,-3870.75,848.25,-3022.5,-1.1578219539897452,5
2025-05-19,258028.0,258414.75,3708.25,-3321.5,386.75,0.14988683398700917,4
2025-05-20,258414.75,262301.75,6649.5,-2762.5,3887.0,1.504171104784073,4
2025-05-21,262301.75,265646.0,3835.0,-490.75,3344.25,1.2749629005525125,3
2025-05-22,265646.0,266364.25,1300.0,-581.75,718.25,0.2703786241840645,4
2025-05-23,266364.25,261716.75,-2600.0,-2047.5,-4647.5,-1.7447912022728274,5
2025-05-26,261716.75,261183.75,776.75,-1309.75,-533.0,-0.20365528763443685,3
2025-05-27,261183.75,264648.25,1774.5,1690.0,3464.5,1.3264607771348715,4
2025-05-28,264648.25,266338.25,718.25,971.75,1690.0,0.6385834782584052,4
2025-05-29,266338.25,264112.0,598.0,-2824.25,-2226.25,-0.8358731800633217,4
2025-05-30,264112.0,264177.0,679.25,-614.25,65.0,0.024610771187980853,3
2025-06-02,264177.0,263218.25,-3165.5,2206.75,-958.75,-0.3629195577207705,3
2025-06-03,263218.25,266159.5,7624.5,-4683.25,2941.25,1.1174187200165642,4
2025-06-04,266159.5,267007.75,-1329.25,2177.5,848.25,0.31869987732919547,4
2025-06-05,267007.75,271635.75,1173.25,3454.75,4628.0,1.7332830226837985,3
2025-06-06,271635.75,277352.5,-429.0,6145.75,5716.75,2.1045646605794706,4
2025-06-09,277352.5,279032.75,1023.75,656.5,1680.25,0.6058175066026086,3
2025-06-10,279032.75,280446.5,2268.5,-854.75,1413.75,0.5066609564647878,4
2025-06-11,280446.5,276471.75,-2600.0,-1374.75,-3974.75,-1.417293494481122,5
2025-06-12,276471.75,276543.25,2801.5,-2730.0,71.5,0.0258615934539424,4
2025-06-13,276543.25,276848.75,-585.0,890.5,305.5,0.11047096611470357,4
2025-06-16,276848.75,275776.25,-3419.0,2346.5,-1072.5,-0.3873956447338122,4
2025-06-17,275776.25,276484.75,832.0,-123.5,708.5,0.2569111734603687,3
2025-06-18,276484.75,276982.0,4355.0,-3857.75,497.25,0.17984717059439986,4
2025-06-19,276982.0,276127.25,-237.25,-617.5,-854.75,-0.30859406026384384,5
2025-06-20,276127.25,278015.5,-2125.5,4013.75,1888.25,0.6838332689004798,3
2025-06-23,278015.5,279413.0,-1911.0,3308.5,1397.5,0.5026698151721756,4
2025-06-24,279413.0,279107.5,1462.5,-1768.0,-305.5,-0.10933635872346668,5
2025-06-25,279107.5,276257.25,-2548.0,-302.25,-2850.25,-1.021201508379388,5
2025-06-26,276257.25,269341.25,-6376.5,-539.5,-6916.0,-2.503463710002181,6
2025-06-27,269341.25,271619.5,-529.75,2808.0,2278.25,0.8458600381486312,2
2025-06-30,271619.5,274781.75,4010.5,-848.25,3162.25,1.1642205364489664,4
2025-07-01,274781.75,277424.0,2154.75,487.5,2642.25,0.9615813277264592,3
2025-07-02,277424.0,280043.5,3575.0,-955.5,2619.5,0.9442225618547783,4
2025-07-03,280043.5,273507.75,-1891.5,-4644.25,-6535.75,-2.333833850812463,6
2025-07-04,273507.75,275919.25,-536.25,2947.75,2411.5,0.8816934803492771,4
2025-07-07,275919.25,275370.0,55.25,-604.5,-549.25,-0.19906186320816688,4
2025-07-08,275370.0,276679.75,-1007.5,2317.25,1309.75,0.4756327849802084,3
2025-07-09,276679.75,275444.75,663.0,-1898.0,-1235.0,-0.44636443397104414,4
2025-07-10,275444.75,275152.25,2658.5,-2951.0,-292.5,-0.10619189510782108,4
2025-07-11,275152.25,277375.25,3354.0,-1131.0,2223.0,0.8079163444965469,3
2025-07-14,277375.25,277924.5,-113.75,663.0,549.25,0.19801694635696587,4
2025-07-15,277924.5,280820.25,494.0,2401.75,2895.75,1.041919658036625,3
2025-07-16,280820.25,281593.75,-1254.5,2028.0,773.5,0.2754430992779189,5
2025-07-17,281593.75,280716.25,-1504.75,627.25,-877.5,-0.31161913217179005,4
2025-07-18,280716.25,283423.5,2005.25,702.0,2707.25,0.9644080098676155,3
2025-07-21,283423.5,283439.75,-2015.0,2031.25,16.25,0.0057334695252863645,3
2025-07-22,283439.75,284843.75,1433.25,-29.25,1404.0,0.495343366623771,4
2025-07-23,284843.75,285630.25,-1439.75,2226.25,786.5,0.27611629182665937,4
2025-07-24,285630.25,286329.0,3272.75,-2574.0,698.75,0.24463445310852053,3
2025-07-25,286329.0,285084.25,1725.75,-2970.5,-1244.75,-0.43472718446262865,4
2025-07-28,285084.25,285883.75,3688.75,-2889.25,799.5,0.28044341278060786,4
2025-07-29,285883.75,285516.5,-3727.75,3360.5,-367.25,-0.12846130638764883,5
2025-07-30,285516.5,283946.75,-1426.75,-143.0,-1569.75,-0.5497930942695081,4
2025-07-31,283946.75,285097.25,-2990.0,4140.5,1150.5,0.40518160535382075,4
2025-08-01,285097.25,287414.5,4104.75,-1787.5,2317.25,0.8127928277105444,5
2025-08-04,287414.5,284980.25,-4322.5,1888.25,-2434.25,-0.8469475270036828,5
2025-08-05,284980.25,283969.5,-1573.0,562.25,-1010.75,-0.3546737010722673,6
2025-08-06,283969.5,282208.0,-195.0,-1566.5,-1761.5,-0.6203130970051361,5
2025-08-07,282208.0,282991.25,-338.0,1121.25,783.25,0.2775435140038553,3
2025-08-08,282991.25,284473.25,3695.25,-2213.25,1482.0,0.5236911035235189,4
2025-08-11,284473.25,286166.5,-2083.25,3776.5,1693.25,0.5952229251783779,3
2025-08-12,286166.5,286078.75,3939.0,-4026.75,-87.75,-0.030663966606853003,3
2025-08-13,286078.75,285484.0,-104.0,-490.75,-594.75,-0.20789730100540496,6
2025-08-14,285484.0,288015.75,2629.25,-97.5,2531.75,0.8868272827899287,3
2025-08-18,288015.75,290940.75,4056.0,-1131.0,2925.0,1.0155694610450992,4
2025-08-19,290940.75,292838.75,55.25,1842.75,1898.0,0.6523665041765376,4
2025-08-20,292838.75,293479.0,-1563.25,2203.5,640.25,0.21863568260689545,4
2025-08-21,293479.0,294580.75,1787.5,-685.75,1101.75,0.3754101656336569,4
2025-08-22,294580.75,294587.25,1823.25,-1816.75,6.5,0.0022065257149355482,4
2025-08-25,294587.25,296621.75,344.5,1690.0,2034.5,0.6906273099056391,3
2025-08-26,296621.75,296712.75,1209.0,-1118.0,91.0,0.030678802211907927,4
2025-08-28,296712.75,292718.5,-1599.0,-2395.25,-3994.25,-1.3461672947994314,4
2025-08-29,292718.5,293020.75,1612.0,-1309.75,302.25,0.1032562000693499,5
2025-09-01,293020.75,293017.5,-1339.0,1335.75,-3.25,-0.0011091364690043281,5
2025-09-02,293017.5,292881.0,1300.0,-1436.5,-136.5,-0.046584248381069386,5
2025-09-03,292881.0,291070.75,-3662.75,1852.5,-1810.25,-0.6180837951249826,5
2025-09-04,291070.75,291958.0,3822.0,-2934.75,887.25,0.3048227965194029,4
2025-09-05,291958.0,290979.75,-3386.5,2408.25,-978.25,-0.3350653176141774,3
2025-09-08,290979.75,289585.5,-588.25,-806.0,-1394.25,-0.47915705474350023,4
2025-09-09,289585.5,292026.25,-221.0,2661.75,2440.75,0.8428426147027389,4
2025-09-10,292026.25,292289.5,1001.0,-737.75,263.25,0.09014600571010312,4
2025-09-11,292289.5,291587.5,-1202.5,500.5,-702.0,-0.24017284233610856,5
2025-09-12,291587.5,293115.0,357.5,1170.0,1527.5,0.5238564753290179,3
2025-09-15,293115.0,293245.0,26.0,104.0,130.0,0.044351193217679066,5
2025-09-16,293245.0,295022.75,-133.25,1911.0,1777.75,0.6062336953741752,4
2025-09-17,295022.75,292842.0,-1680.25,-500.5,-2180.75,-0.7391802835544039,4
2025-09-18,292842.0,291954.75,-45.5,-841.75,-887.25,-0.3029790808695474,5
2025-09-19,291954.75,290281.0,-2349.75,676.0,-1673.75,-0.5732908952500344,6
2025-09-22,290281.0,293414.0,3331.25,-198.25,3133.0,1.079299024049111,2
2025-09-23,293414.0,291529.0,-3246.75,1361.75,-1885.0,-0.642436966197932,5
2025-09-24,291529.0,292653.5,1524.25,-399.75,1124.5,0.385724919304769,4
2025-09-25,292653.5,293303.5,3350.75,-2700.75,650.0,0.2221056642069888,4
2025-09-26,293303.5,295445.25,4280.25,-2138.5,2141.75,0.7302163117726178,4
2025-09-29,295445.25,300076.5,4842.5,-211.25,4631.25,1.5675493175131432,3
2025-09-30,300076.5,300635.5,2076.75,-1517.75,559.0,0.18628583044656946,5
2025-10-01,300635.5,301084.0,-2743.0,3191.5,448.5,0.14918397860532107,5
2025-10-03,301084.0,300476.25,-2366.0,1758.25,-607.75,-0.2018539676635092,4
2025-10-06,300476.25,301636.5,-780.0,1940.25,1160.25,0.38613700750059277,4
2025-10-07,301636.5,299043.0,-65.0,-2528.5,-2593.5,-0.8598097378798653,5
2025-10-08,299043.0,302533.5,4407.0,-916.5,3490.5,1.1672234427824761,3
2025-10-09,302533.5,302042.75,-3055.0,2564.25,-490.75,-0.16221344082556147,4
2025-10-10,302042.75,300411.25,-3097.25,1465.75,-1631.5,-0.5401553256947899,4
2025-10-13,300411.25,298958.5,-711.75,-741.0,-1452.75,-0.4835870827074552,6
2025-10-14,298958.5,303784.75,3997.5,828.75,4826.25,1.6143545007082922,4
2025-10-15,303784.75,304571.25,-1150.5,1937.0,786.5,0.258900422091629,4
2025-10-16,304571.25,305728.25,-630.5,1787.5,1157.0,0.37987827150461506,4
2025-10-17,305728.25,307015.25,-321.75,1608.75,1287.0,0.42096207988630424,3
2025-10-20,307015.25,310151.5,-1199.25,4335.5,3136.25,1.0215290608528402,4
2025-10-21,310151.5,312231.5,2401.75,-321.75,2080.0,0.6706399936805078,4
2025-10-23,312231.5,312572.75,4026.75,-3685.5,341.25,0.10929390532345391,6
2025-10-24,312572.75,311549.0,2960.75,-3984.5,-1023.75,-0.32752375247042487,4
2025-10-27,311549.0,309485.25,-2658.5,594.75,-2063.75,-0.6624158639571945,4
2025-10-28,309485.25,309703.0,2294.5,-2076.75,217.75,0.07035876507846497,4
2025-10-29,309703.0,309904.5,-1563.25,1764.75,201.5,0.06506233391345902,4
2025-10-30,309904.5,307437.75,-1017.25,-1449.5,-2466.75,-0.79597101687778,4
2025-10-31,307437.75,310772.25,3688.75,-354.25,3334.5,1.0846098112544733,3
2025-11-03,310772.25,307782.25,-2538.25,-451.75,-2990.0,-0.9621193655482431,5
2025-11-04,307782.25,310876.25,3477.5,-383.5,3094.0,1.0052561510613427,4
2025-11-06,310876.25,309693.25,1976.0,-3159.0,-1183.0,-0.3805372716635639,4
2025-11-07,309693.25,308354.25,-4504.5,3165.5,-1339.0,-0.43236331434411307,4
2025-11-10,308354.25,308848.25,-786.5,1280.5,494.0,0.16020534823178212,4
2025-11-11,308848.25,309755.0,-1498.25,2405.0,906.75,0.2935907844710145,5
2025-11-12,309755.0,308299.0,-1937.0,481.0,-1456.0,-0.47004890962212065,4
2025-11-13,308299.0,304821.5,-2830.75,-646.75,-3477.5,-1.1279634380909442,3
2025-11-14,304821.5,303641.75,-916.5,-263.25,-1179.75,-0.3870297862847601,3
2025-11-17,303641.75,302189.0,-432.25,-1020.5,-1452.75,-0.47844211146853155,6
2025-11-18,302189.0,303151.0,-867.75,1829.75,962.0,0.31834381794175165,5
2025-11-19,303151.0,300814.25,-2499.25,162.5,-2336.75,-0.770820482201939,5
2025-11-20,300814.25,304005.75,-266.5,3458.0,3191.5,1.0609537280896766,4
2025-11-21,304005.75,305120.5,539.5,575.25,1114.75,0.366687143253047,3
2025-11-24,305120.5,307402.0,3636.75,-1355.25,2281.5,0.7477373693344105,4
2025-11-25,307402.0,309296.75,2177.5,-282.75,1894.75,0.6163753000956402,5
2025-11-26,309296.75,310349.75,0.0,1053.0,1053.0,0.34044974607718964,1
2025-11-27,310349.75,311071.25,2505.75,-1784.25,721.5,0.2324796459478379,4
2025-11-28,311071.25,310603.25,1426.75,-1894.75,-468.0,-0.15044784755903995,5
2025-12-01,310603.25,312043.0,3175.25,-1735.5,1439.75,0.46353346270523565,3
2025-12-02,312043.0,315689.5,3646.5,0.0,3646.5,1.1685889444723965,2
2025-12-03,315689.5,315624.5,-2070.25,2005.25,-65.0,-0.020589851737229145,3
2025-12-04,315624.5,315543.25,604.5,-685.75,-81.25,-0.025742615037805998,4
2025-12-05,315543.25,312589.0,-4611.75,1657.5,-2954.25,-0.9362424960762114,5
2025-12-08,312589.0,315644.0,4234.75,-1179.75,3055.0,0.9773216587915763,4
2025-12-09,315644.0,312329.0,-5762.25,2447.25,-3315.0,-1.0502338077074171,4
2025-12-10,312329.0,314383.0,3363.75,-1309.75,2054.0,0.657639860531683,5
2025-12-11,314383.0,314964.75,-2327.0,2908.75,581.75,0.18504499289083698,4
2025-12-12,314964.75,316063.25,-42.25,1140.75,1098.5,0.3487691876630639,3
2025-12-15,316063.25,316359.0,-2122.25,2418.0,295.75,0.09357304273749004,4
2025-12-16,316359.0,317493.25,2821.0,-1686.75,1134.25,0.3585325532069579,4
2025-12-17,317493.25,317594.0,2154.75,-2054.0,100.75,0.03173295810225887,4
2025-12-18,317594.0,313609.5,-4049.5,65.0,-3984.5,-1.2545891924910422,4
2025-12-19,313609.5,313252.0,-913.25,555.75,-357.5,-0.11399527118916997,5
2025-12-22,313252.0,312543.5,-321.75,-386.75,-708.5,-0.22617573072159156,6
2025-12-23,312543.5,314948.5,637.0,1768.0,2405.0,0.7694928865901867,3
2025-12-24,314948.5,316004.75,2541.5,-1485.25,1056.25,0.33537229102535815,4
2025-12-26,316004.75,315826.0,1430.0,-1608.75,-178.75,-0.0565656054220704,4
2025-12-29,315826.0,316749.0,1836.25,-913.25,923.0,0.29224952980438595,4
2025-12-30,316749.0,316898.5,-16.25,165.75,149.5,0.04719825476954939,5
2026-01-01,316898.5,315696.0,1030.25,-2232.75,-1202.5,-0.37945903814628346,4
2026-01-02,315696.0,316248.5,-676.0,1228.5,552.5,0.1750101363336881,4
2026-01-05,316248.5,318487.75,3081.0,-841.75,2239.25,0.7080665995253732,3
2026-01-06,318487.75,317545.25,1621.75,-2564.25,-942.5,-0.29592974926037185,4
2026-01-07,317545.25,316186.75,776.75,-2135.25,-1358.5,-0.4278130439677495,4
2026-01-08,316186.75,318773.75,3493.75,-906.75,2587.0,0.8181873528855969,4
2026-01-09,318773.75,320668.5,5141.5,-3246.75,1894.75,0.5943870848838714,4
2026-01-12,320668.5,319472.5,-3766.75,2570.75,-1196.0,-0.3729708406033022,5
2026-01-13,319472.5,321006.5,2138.5,-604.5,1534.0,0.48016652450523906,4
2026-01-14,321006.5,316791.25,-1586.0,-2629.25,-4215.25,-1.3131354038002345,6
2026-01-16,316791.25,319508.25,5336.5,-2619.5,2717.0,0.8576625774859628,3
2026-01-19,319508.25,318257.0,-1729.0,477.75,-1251.25,-0.3916174308488122,3
2026-01-20,318257.0,318172.5,1738.75,-1823.25,-84.5,-0.02655086926603343,5
2026-01-21,318172.5,321929.5,1527.5,2229.5,3757.0,1.1808060093188444,3
2026-01-22,321929.5,318370.75,227.5,-3786.25,-3558.75,-1.105443893771773,4
2026-01-23,318370.75,319245.0,3974.75,-3100.5,874.25,0.27460123142593973,5
2026-01-27,319245.0,314747.0,-4969.25,471.25,-4498.0,-1.40894923961221,4
2026-01-28,314747.0,314870.5,-2242.5,2366.0,123.5,0.039237864062246816,4
2026-01-29,314870.5,317376.25,-3841.5,6347.25,2505.75,0.7958033540773112,4
2026-01-30,317376.25,313053.75,-3893.5,-429.0,-4322.5,-1.3619481608973576,6
2026-02-01,313053.75,318224.5,11501.75,-6331.0,5170.75,1.6517131642729082,5
2026-02-02,318224.5,313362.5,-8147.75,3285.75,-4862.0,-1.5278521923987625,5
2026-02-03,313362.5,318205.0,-637.0,5479.5,4842.5,1.5453348757429495,4
2026-02-04,318205.0,319254.75,-1043.25,2093.0,1049.75,0.3298973931899247,4
2026-02-05,319254.75,317750.0,117.0,-1621.75,-1504.75,-0.47133206318778337,5
2026-02-06,317750.0,317958.0,-1868.75,2076.75,208.0,0.06546026750590087,4
2026-02-09,317958.0,318393.5,-100.75,536.25,435.5,0.13696777561816342,3
2026-02-10,318393.5,318413.0,871.0,-851.5,19.5,0.006124496888284465,6
2026-02-11,318413.0,319124.75,1114.75,-403.0,711.75,0.22353044630715455,3
2026-02-12,319124.75,318179.0,321.75,-1267.5,-945.75,-0.2963574589560979,6
2026-02-13,318179.0,314526.0,-841.75,-2811.25,-3653.0,-1.1480958831349648,6
2026-02-16,314526.0,315101.25,-2379.0,2954.25,575.25,0.1828942599339959,4
2026-02-17,315101.25,314093.75,-3799.25,2791.75,-1007.5,-0.3197384967530278,5
2026-02-18,314093.75,312962.75,-3415.75,2284.75,-1131.0,-0.3600835737737539,4
2026-02-19,312962.75,316264.75,5967.0,-2665.0,3302.0,1.055077641029164,3
2026-02-20,316264.75,317746.75,552.5,929.5,1482.0,0.46859474538341694,4
2026-02-23,317746.75,317252.75,2054.0,-2548.0,-494.0,-0.15546972549679894,4
2026-02-24,317252.75,321269.75,3688.75,328.25,4017.0,1.2661828778473945,4
2026-02-25,321269.75,323564.25,4611.75,-2317.25,2294.5,0.7141973372843227,3
2026-02-26,323564.25,322296.75,1527.5,-2795.0,-1267.5,-0.3917305450154026,4
2026-02-27,322296.75,321692.25,2226.25,-2830.75,-604.5,-0.1875600669258998,5
2026-03-02,321692.25,329690.5,4823.0,3175.25,7998.25,2.486304845702686,3
2026-03-04,329690.5,327285.5,-4062.5,1657.5,-2405.0,-0.7294720351359837,3
2026-03-05,327285.5,323938.0,-4348.5,1001.0,-3347.5,-1.0228073043260395,5
2026-03-06,323938.0,325286.75,4901.0,-3552.25,1348.75,0.4163605381276664,3
2026-03-09,325286.75,325017.0,-7377.5,7107.75,-269.75,-0.08292683301733009,4
2026-03-10,325017.0,325699.5,-4696.25,5378.75,682.5,0.2099890159591652,3
2026-03-11,325699.5,327932.25,7130.5,-4897.75,2232.75,0.6855245402587354,4
2026-03-12,327932.25,327113.25,-266.5,-552.5,-819.0,-0.24974670835210627,4
2026-03-13,327113.25,330187.75,7150.0,-4075.5,3074.5,0.9398885554162052,3
2026-03-16,330187.75,336115.75,149.5,5778.5,5928.0,1.7953421954630358,3
2026-03-17,336115.75,331546.25,-2905.5,-1664.0,-4569.5,-1.3595018977837248,4
2026-03-18,331546.25,329472.75,-2583.75,510.25,-2073.5,-0.6254029415202254,5
2026-03-19,329472.75,329784.75,4234.75,-3922.75,312.0,0.09469675413217025,4
2026-03-20,329784.75,327831.5,1888.25,-3841.5,-1953.25,-0.5922802676594354,6
2026-03-23,327831.5,326827.25,5154.5,-6158.75,-1004.25,-0.30633114877612433,4
2026-03-24,326827.25,324610.75,-4693.0,2476.5,-2216.5,-0.6781870238788229,5
2026-03-25,324610.75,327431.75,997.75,1823.25,2821.0,0.8690408435333703,4
2026-03-27,327431.75,332007.75,8014.5,-3438.5,4576.0,1.3975431521225414,4
2026-03-30,332007.75,337750.5,6298.5,-555.75,5742.75,1.729703598786474,2
2026-04-01,337750.5,337922.75,5820.75,-5648.5,172.25,0.050999184309127595,4
2026-04-02,337922.75,346025.0,-3341.0,11443.25,8102.25,2.3976633712882602,5
2026-04-06,346025.0,348885.0,-4637.75,7497.75,2860.0,0.8265298750090312,5
2026-04-07,348885.0,347048.75,-8017.75,6181.5,-1836.25,-0.5263195608868252,4
2026-04-08,347048.75,339694.0,-3487.25,-3867.5,-7354.75,-2.1192267656921397,6
2026-04-09,339694.0,339989.75,367.25,-71.5,295.75,0.08706365140391058,5
2026-04-10,339989.75,334390.0,-4793.75,-806.0,-5599.75,-1.64703494737709,6
2026-04-13,334390.0,336099.5,-2492.75,4202.25,1709.5,0.5112294027931458,4
2026-04-15,336099.5,338121.0,1290.25,731.25,2021.5,0.6014587941963615,2
2026-04-16,338121.0,341725.25,3360.5,243.75,3604.25,1.0659645511518065,3
2026-04-17,341725.25,342050.25,-3295.5,3620.5,325.0,0.09510564408102708,4
2026-04-20,342050.25,342807.5,1267.5,-510.25,757.25,0.22138560050752776,4
2026-04-21,342807.5,344777.0,-2236.0,4205.5,1969.5,0.5745206858076325,4
2026-04-22,344777.0,343646.0,1170.0,-2301.0,-1131.0,-0.3280381231926724,4
2026-04-23,343646.0,338956.25,162.5,-4852.25,-4689.75,-1.364703794020591,5
2026-04-24,338956.25,340698.25,1404.0,338.0,1742.0,0.5139306326406431,3
2026-04-27,340698.25,338319.25,-565.5,-1813.5,-2379.0,-0.698271857868363,5
2026-04-28,338319.25,336622.75,2704.0,-4400.5,-1696.5,-0.501449444570476,4
2026-04-29,336622.75,338137.25,4481.75,-2967.25,1514.5,0.44991017392615323,4
2026-04-30,338137.25,340899.75,-3636.75,6399.25,2762.5,0.8169759468973028,4
2026-05-04,340899.75,343860.5,3757.0,-796.25,2960.75,0.8685104638533763,3
2026-05-05,343860.5,345505.0,536.25,1108.25,1644.5,0.4782462655640878,4
2026-05-06,345505.0,348709.5,-3640.0,6844.5,3204.5,0.9274829597256191,3
2026-05-07,348709.5,349171.0,-1761.5,2223.0,461.5,0.13234511821444497,3
2026-05-08,349171.0,347887.25,-247.0,-1036.75,-1283.75,-0.36765653505016166,5
2026-05-11,347887.25,344822.5,-3799.25,734.5,-3064.75,-0.8809607135645242,4
2026-05-12,344822.5,345524.5,3883.75,-3181.75,702.0,0.20358300284929204,5
2026-05-13,345524.5,344426.0,-4823.0,3724.5,-1098.5,-0.3179224628065448,4
2026-05-14,344426.0,341445.75,-6454.5,3474.25,-2980.25,-0.8652802053271239,5
2026-05-15,341445.75,342232.25,4403.75,-3617.25,786.5,0.2303440590489119,3
2026-05-18,342232.25,344526.75,-3929.25,6223.75,2294.5,0.6704511336964882,4
2026-05-19,344526.75,343789.0,331.5,-1069.25,-737.75,-0.21413431613075037,3
2026-05-20,343789.0,345046.75,-3263.0,4520.75,1257.75,0.36584940181332154,4
2026-05-21,345046.75,347874.25,4163.25,-1335.75,2827.5,0.8194541754124621,4
2026-05-22,347874.25,348433.25,1426.75,-867.75,559.0,0.16069024942202534,4
2026-05-25,348433.25,350058.25,-159.25,1784.25,1625.0,0.4663734015051663,3
2026-05-26,350058.25,351849.0,2362.75,-572.0,1790.75,0.511557719322427,4
2026-05-27,351849.0,351270.5,-331.5,-247.0,-578.5,-0.16441712211772663,5
2026-05-29,351270.5,351195.75,6006.0,-6080.75,-74.75,-0.02127989683164399,4
2026-06-01,351195.75,350344.25,2856.75,-3708.25,-851.5,-0.2424573759790658,5
2026-06-02,350344.25,346447.5,-6847.75,2951.0,-3896.75,-1.1122631525991935,4
2026-06-03,346447.5,347243.75,-4933.5,5729.75,796.25,0.2298328029499419,6
2026-06-04,347243.75,342320.0,-526.5,-4397.25,-4923.75,-1.417952086970608,4
2026-06-05,342320.0,326833.75,-7910.5,-7575.75,-15486.25,-4.523910376256135,6
2026-06-08,326833.75,324802.5,-1452.75,-578.5,-2031.25,-0.6214933433282211,4
2026-06-09,324802.5,326999.5,-55.25,2252.25,2197.0,0.6764110497917966,2
2026-06-10,326999.5,327194.5,3367.0,-3172.0,195.0,0.05963311870507448,5
2026-06-11,327194.5,329316.75,-276.25,2398.5,2122.25,0.6486203160505448,4
2026-06-12,329316.75,333229.75,-1937.0,5850.0,3913.0,1.188217726550502,4
2026-06-15,333229.75,332313.25,2398.5,-3315.0,-916.5,-0.2750354672714546,5
2026-06-16,332313.25,334572.0,-1124.5,3383.25,2258.75,0.6797050674326107,4
2026-06-17,334572.0,333093.25,120.25,-1599.0,-1478.75,-0.4419825926855804,5
2026-06-18,333093.25,332631.75,-2665.0,2203.5,-461.5,-0.13854979048659796,5
2026-06-19,332631.75,329940.75,-832.0,-1859.0,-2691.0,-0.809002748534979,4
2026-06-22,329940.75,331780.25,1202.5,637.0,1839.5,0.5575243433858958,3
2026-06-23,331780.25,332716.25,3012.75,-2076.75,936.0,0.2821144417125492,2
2026-06-24,332716.25,333753.0,-3266.25,4303.0,1036.75,0.3116018529302371,4
2026-06-25,333753.0,335209.0,2918.5,-1462.5,1456.0,0.4362507602927914,4
2026-06-29,335209.0,333457.25,2486.25,-4238.0,-1751.75,-0.5225844174828241,5
2026-06-30,333457.25,330805.25,-2463.5,-188.5,-2652.0,-0.7953043456095197,4
2026-07-01,330805.25,330399.0,-3126.5,2720.25,-406.25,-0.12280639439670318,4
2026-07-02,330399.0,330015.5,-1852.5,1469.0,-383.5,-0.1160717798782684,4
2026-07-03,330015.5,331624.25,2473.25,-864.5,1608.75,0.48747710334817607,4
2026-07-06,331624.25,332618.75,-919.75,1914.25,994.5,0.2998875986903853,4
2026-07-07,332618.75,332670.75,900.25,-848.25,52.0,0.015633514346380054,5
2026-07-08,332670.75,335855.75,4712.5,-1527.5,3185.0,0.9574030779682314,4
2026-07-09,335855.75,324588.0,-4709.25,-6558.5,-11267.75,-3.3549373503356725,6
2026-07-10,324588.0,325238.0,689.0,-39.0,650.0,0.20025386027826045,5
2026-07-13,325238.0,325702.75,-2925.0,3389.75,464.75,0.14289535663114394,3
2026-07-14,325702.75,324243.5,624.0,-2083.25,-1459.25,-0.4480312186495201,5
2026-07-15,324243.5,325095.0,3269.5,-2418.0,851.5,0.26261127825230113,5
2026-07-16,325095.0,325563.0,2067.0,-1599.0,468.0,0.14395791999261756,5
2026-07-17,325563.0,327197.75,-1508.0,3142.75,1634.75,0.5021301560681036,4
2026-07-20,327197.75,326976.75,-1589.25,1368.25,-221.0,-0.06754325174913337,5
2026-07-21,326976.75,328338.5,2561.0,-1199.25,1361.75,0.41646692004859676,4
2026-07-22,328338.5,326778.5,198.25,-1758.25,-1560.0,-0.4751194270547012,4
2026-07-23,326778.5,325511.0,2242.5,-3510.0,-1267.5,-0.38787741543583804,4
2026-07-24,325511.0,326928.0,-2892.5,4309.5,1417.0,0.4353155500121348,4
2026-07-27,326928.0,327253.0,-2343.25,2668.25,325.0,0.09941026770420398,4
2026-07-28,327253.0,324149.25,-520.0,-2583.75,-3103.75,-0.9484252245204781,6
2026-07-29,324149.25,322842.75,-2028.0,721.5,-1306.5,-0.4030550741672239,4
2026-07-30,322842.75,320288.25,-2873.0,318.5,-2554.5,-0.7912520878972812,4
2026-07-31,320288.25,321880.75,897.0,695.5,1592.5,0.49720837401934037,3
2026-08-03,321880.75,322335.75,65.0,390.0,455.0,0.14135669809393697,4
2026-08-04,322335.75,323418.0,1898.0,-815.75,1082.25,0.33575239482434077,3
2026-08-05,323418.0,321906.75,-1599.0,87.75,-1511.25,-0.46727454872641594,5
2026-08-06,321906.75,318799.75,-663.0,-2444.0,-3107.0,-0.9651863466671637,4
2026-08-07,318799.75,318029.5,1030.25,-1800.5,-770.25,-0.24160934881536136,4
2026-08-10,318029.5,321455.0,962.0,2463.5,3425.5,1.0771013380834167,3
2026-08-11,321455.0,326521.75,3175.25,1891.5,5066.75,1.5761926241620132,3
2026-08-12,326521.75,329537.75,1244.75,1771.25,3016.0,0.9236750691186728,4
2026-08-13,329537.75,329895.25,-435.5,793.0,357.5,0.10848529493206772,4
2026-08-14,329895.25,330028.5,-1956.5,2089.75,133.25,0.04039160915472411,4
2026-08-17,330028.5,328634.25,-2931.5,1537.25,-1394.25,-0.4224635145146555,3
