Date,Starting_Capital,Ending_Capital,CE_PnL,PE_PnL,Total_PnL,Return_Pct,Trades_Count,Sold_Leg,Slope_CE,Slope_PE,Strike
2023-01-02,100000.0,102330.25,0.0,2330.25,2330.25,2.33025,1,PE,0.2403,-0.465,18150
2023-01-03,102330.25,104637.75,0.0,2307.5,2307.5,2.254953935908492,1,PE,0.3474,-0.7388,18200
2023-01-04,104637.75,108056.75,3419.0,0.0,3419.0,3.2674632243143606,1,CE,-1.0795,0.5718,18150
2023-01-05,108056.75,104228.25,0.0,-3828.5,-3828.5,-3.5430456681327174,1,PE,0.5016,-0.2557,18050
2023-01-06,104228.25,97848.5,0.0,-6379.75,-6379.75,-6.120941299503733,1,PE,0.5519,-0.8654,18000
2023-01-09,97848.5,100679.25,0.0,2830.75,2830.75,2.8929927387747383,1,PE,1.1013,-1.6834,18050
2023-01-10,100679.25,103679.0,2999.75,0.0,2999.75,2.9795116670018897,1,CE,-1.0858,0.8136,18000
2023-01-11,103679.0,105551.0,0.0,1872.0,1872.0,1.8055729704183103,1,PE,0.1248,-0.0032,17850
2023-01-12,105551.0,101891.5,0.0,-3659.5,-3659.5,-3.4670443671779516,1,PE,-0.1381,-0.2815,17900
2023-01-13,101891.5,93288.75,-8602.75,0.0,-8602.75,-8.443049714647444,1,CE,-0.7091,-0.2096,17800
2023-01-16,93288.75,95999.25,2710.5,0.0,2710.5,2.905495035575029,1,CE,-1.2681,0.7791,17950
2023-01-17,95999.25,98859.25,0.0,2860.0,2860.0,2.9791899415880856,1,PE,1.2081,-1.5672,17950
2023-01-18,98859.25,101579.5,0.0,2720.25,2720.25,2.7516393256068605,1,PE,0.2233,-0.4893,18100
2023-01-19,101579.5,103640.0,2060.5,0.0,2060.5,2.028460466924921,1,CE,-0.5124,0.1316,18100
2023-01-20,103640.0,105382.0,1742.0,0.0,1742.0,1.6808182169046701,1,CE,-0.5377,0.063,18050
2023-01-23,105382.0,105898.75,0.0,516.75,516.75,0.49035888481903933,1,PE,0.5845,-1.3009,18150
2023-01-24,105898.75,102658.5,0.0,-3240.25,-3240.25,-3.05976227292579,1,PE,0.3442,-0.5687,18200
2023-01-25,102658.5,105473.0,2814.5,0.0,2814.5,2.7416141868427846,1,CE,-1.2492,0.4347,18000
2023-01-27,105473.0,111186.5,5713.5,0.0,5713.5,5.417026158353322,1,CE,-1.1038,0.5349,17750
2023-01-30,111186.5,112379.25,0.0,1192.75,1192.75,1.0727471410647875,1,PE,2.4917,-3.9325,17600
2023-01-31,112379.25,108378.5,-4000.75,0.0,-4000.75,-3.560043335402221,1,CE,-1.705,0.8426,17600
2023-02-01,108378.5,116464.5,8086.0,0.0,8086.0,7.46088938304184,1,CE,-0.6469,0.0545,17750
2023-02-02,116464.5,119997.25,0.0,3532.75,3532.75,3.033327752233513,1,PE,1.9601,-3.4208,17600
2023-02-03,119997.25,112558.0,-7439.25,0.0,-7439.25,-6.199517072266239,1,CE,-1.1789,0.3709,17650
2023-02-06,112558.0,114007.5,1449.5,0.0,1449.5,1.2877805220419696,1,CE,-0.597,0.2745,17800
2023-02-07,114007.5,115268.5,1261.0,0.0,1261.0,1.1060675832730302,1,CE,-0.7819,0.4888,17750
2023-02-08,115268.5,117059.25,0.0,1790.75,1790.75,1.5535467191817365,1,PE,0.7627,-1.4174,17850
2023-02-09,117059.25,114433.25,-2626.0,0.0,-2626.0,-2.2433084100573,1,CE,-1.2665,0.6065,17800
2023-02-10,114433.25,113409.5,-1023.75,0.0,-1023.75,-0.8946263433049397,1,CE,-0.7676,0.4816,17800
2023-02-13,113409.5,114917.5,1508.0,0.0,1508.0,1.32969460230404,1,CE,-1.1721,0.7439,17800
2023-02-14,114917.5,117598.75,0.0,2681.25,2681.25,2.333195553331738,1,PE,0.2303,-0.2914,17800
2023-02-15,117598.75,113029.25,-4569.5,0.0,-4569.5,-3.885670553471019,1,CE,-0.8376,0.1764,17850
2023-02-16,113029.25,111261.25,0.0,-1768.0,-1768.0,-1.564196878241694,1,PE,0.5922,-0.5159,18100
2023-02-17,111261.25,109113.0,0.0,-2148.25,-2148.25,-1.9308159849004032,1,PE,0.6755,-0.8766,18000
2023-02-20,109113.0,104416.75,0.0,-4696.25,-4696.25,-4.304024268418979,1,PE,0.0225,-0.1637,17950
2023-02-21,104416.75,106500.0,2083.25,0.0,2083.25,1.9951300916759045,1,CE,-0.3028,0.1257,17850
2023-02-22,106500.0,110146.5,3646.5,0.0,3646.5,3.423943661971831,1,CE,-0.6889,0.2282,17700
2023-02-23,110146.5,105970.25,-4176.25,0.0,-4176.25,-3.791541265496407,1,CE,-1.9166,0.6947,17450
2023-02-24,105970.25,108560.5,2590.25,0.0,2590.25,2.444318098711667,1,CE,-0.8504,0.4735,17550
2023-02-27,108560.5,109477.0,0.0,916.5,916.5,0.8442297152279143,1,PE,0.4671,-0.6198,17400
2023-02-28,109477.0,104962.75,0.0,-4514.25,-4514.25,-4.123468856472136,1,PE,0.531,-0.7484,17400
2023-03-01,104962.75,106815.25,0.0,1852.5,1852.5,1.764911837771019,1,PE,0.2748,-0.6663,17400
2023-03-02,106815.25,108489.0,1673.75,0.0,1673.75,1.5669579016104909,1,CE,-1.139,0.8484,17400
2023-03-03,108489.0,111089.0,0.0,2600.0,2600.0,2.3965563329001096,1,PE,0.4731,-0.5412,17450
2023-03-06,111089.0,109824.75,0.0,-1264.25,-1264.25,-1.1380514722429762,1,PE,0.5967,-0.7832,17750
2023-03-08,109824.75,112304.5,0.0,2479.75,2479.75,2.257915451662763,1,PE,1.3436,-1.3719,17650
2023-03-09,112304.5,113497.25,1192.75,0.0,1192.75,1.0620678601480795,1,CE,-0.7058,0.5216,17750
2023-03-10,113497.25,111492.0,-2005.25,0.0,-2005.25,-1.766782895620819,1,CE,-1.5809,0.7951,17350
2023-03-13,111492.0,115479.75,3987.75,0.0,3987.75,3.5767140243246156,1,CE,-1.1891,0.5158,17450
2023-03-14,115479.75,113640.25,0.0,-1839.5,-1839.5,-1.5929199708173944,1,PE,0.6691,-0.8102,17150
2023-03-15,113640.25,117553.25,3913.0,0.0,3913.0,3.4433222383794475,1,CE,-1.23,0.735,17150
2023-03-16,117553.25,113315.25,-4238.0,0.0,-4238.0,-3.6051746761574006,1,CE,-2.2603,0.7601,16850
2023-03-17,113315.25,111664.25,-1651.0,0.0,-1651.0,-1.4569971826387005,1,CE,-1.2095,0.4465,17050
2023-03-20,111664.25,110549.5,-1114.75,0.0,-1114.75,-0.9983051872018126,1,CE,-0.7679,0.6055,16950
2023-03-21,110549.5,108719.75,-1829.75,0.0,-1829.75,-1.6551409097282213,1,CE,-0.1718,0.1725,17050
2023-03-22,108719.75,109015.5,295.75,0.0,295.75,0.2720296910175014,1,CE,-0.6506,0.484,17150
2023-03-23,109015.5,111306.75,0.0,2291.25,2291.25,2.101765345294935,1,PE,-0.2545,-0.5069,17100
2023-03-24,111306.75,113721.5,2414.75,0.0,2414.75,2.169455131876548,1,CE,-0.8637,0.6049,17050
2023-03-27,113721.5,114722.5,0.0,1001.0,1001.0,0.8802205387723517,1,PE,1.1942,-1.5131,17000
2023-03-28,114722.5,117884.75,3162.25,0.0,3162.25,2.7564340037917585,1,CE,-0.5721,0.3127,17000
2023-03-29,117884.75,119678.75,0.0,1794.0,1794.0,1.5218253421244055,1,PE,-0.0271,-0.26,17000
2023-03-31,119678.75,121515.0,0.0,1836.25,1836.25,1.5343158246555884,1,PE,0.6371,-0.6506,17250
2023-04-03,121515.0,121498.75,-16.25,0.0,-16.25,-0.013372834629469614,1,CE,-0.8739,0.4886,17350
2023-04-05,121498.75,124089.0,0.0,2590.25,2590.25,2.131914937396475,1,PE,0.3865,-0.5448,17450
2023-04-06,124089.0,122109.75,-1979.25,0.0,-1979.25,-1.5950245388390591,1,CE,-0.0814,0.0443,17550
2023-04-10,122109.75,122083.75,0.0,-26.0,-26.0,-0.021292321047254623,1,PE,-0.1131,-0.3304,17650
2023-04-11,122083.75,123214.75,0.0,1131.0,1131.0,0.9264132204326947,1,PE,0.5036,-0.5316,17700
2023-04-12,123214.75,124456.25,0.0,1241.5,1241.5,1.0075904061810783,1,PE,0.6623,-0.6184,17750
2023-04-13,124456.25,122321.0,0.0,-2135.25,-2135.25,-1.715663134635665,1,PE,0.4053,-0.5971,17800
2023-04-17,122321.0,120884.5,-1436.5,0.0,-1436.5,-1.1743690780814413,1,CE,-1.3909,0.794,17650
2023-04-18,120884.5,122837.75,1953.25,0.0,1953.25,1.6157985515099123,1,CE,-0.2969,0.1293,17700
2023-04-19,122837.75,122815.0,0.0,-22.75,-22.75,-0.018520365278589034,1,PE,0.0514,-0.1769,17650
2023-04-20,122815.0,120995.0,0.0,-1820.0,-1820.0,-1.4819036762610431,1,PE,0.6224,-0.5667,17650
2023-04-21,120995.0,121248.5,253.5,0.0,253.5,0.20951278978470186,1,CE,-0.4324,0.1926,17650
2023-04-24,121248.5,117234.75,-4013.75,0.0,-4013.75,-3.31035023113688,1,CE,-0.8868,0.7901,17650
2023-04-25,117234.75,118661.5,0.0,1426.75,1426.75,1.2170026378697443,1,PE,0.1055,-0.2732,17750
2023-04-26,118661.5,114075.75,-4585.75,0.0,-4585.75,-3.8645643279412445,1,CE,-0.6628,0.1522,17700
2023-04-27,114075.75,116181.75,0.0,2106.0,2106.0,1.8461417084700296,1,PE,0.1985,-0.5293,17850
2023-04-28,116181.75,111020.75,-5161.0,0.0,-5161.0,-4.442177880777316,1,CE,-0.5583,0.2966,17900
2023-05-02,111020.75,110952.5,0.0,-68.25,-68.25,-0.06147499453930909,1,PE,0.654,-0.6226,18150
2023-05-03,110952.5,111713.0,0.0,760.5,760.5,0.6854284491111061,1,PE,0.0535,-0.1765,18050
2023-05-04,111713.0,113032.5,0.0,1319.5,1319.5,1.181151701234413,1,PE,0.0889,-0.4162,18100
2023-05-05,113032.5,108778.25,0.0,-4254.25,-4254.25,-3.7637405171079115,1,PE,0.1925,-0.5899,18200
2023-05-08,108778.25,110595.0,0.0,1816.75,1816.75,1.670140859960516,1,PE,0.5422,-0.994,18200
2023-05-09,110595.0,109178.0,0.0,-1417.0,-1417.0,-1.281251412812514,1,PE,0.0458,-0.0852,18300
2023-05-10,109178.0,107065.5,-2112.5,0.0,-2112.5,-1.934913627287549,1,CE,-1.6047,1.2365,18250
2023-05-11,107065.5,109919.0,2853.5,0.0,2853.5,2.665190934521391,1,CE,-0.7573,0.406,18300
2023-05-12,109919.0,105729.75,-4189.25,0.0,-4189.25,-3.8112155314367855,1,CE,-1.2396,0.802,18200
2023-05-15,105729.75,106958.25,0.0,1228.5,1228.5,1.161924623864144,1,PE,0.1979,-0.5632,18350
2023-05-16,106958.25,110182.25,3224.0,0.0,3224.0,3.0142602370551126,1,CE,-0.181,0.0571,18400
2023-05-17,110182.25,113143.0,2960.75,0.0,2960.75,2.687138808655659,1,CE,-0.3997,0.096,18250
2023-05-18,113143.0,114907.75,1764.75,0.0,1764.75,1.5597518184951786,1,CE,-0.7113,0.5082,18250
2023-05-19,114907.75,111631.75,-3276.0,0.0,-3276.0,-2.8509826360711092,1,CE,-1.0896,0.6938,18100
2023-05-22,111631.75,112824.5,0.0,1192.75,1192.75,1.0684684240818583,1,PE,1.1179,-1.8049,18300
2023-05-23,112824.5,111592.75,0.0,-1231.75,-1231.75,-1.091739826012967,1,PE,0.6382,-0.6918,18400
2023-05-24,111592.75,110214.75,0.0,-1378.0,-1378.0,-1.2348472459008313,1,PE,0.7575,-1.0949,18350
2023-05-25,110214.75,111501.75,1287.0,0.0,1287.0,1.1677202915217793,1,CE,-0.5134,0.5062,18300
2023-05-26,111501.75,114504.75,0.0,3003.0,3003.0,2.693231272154921,1,PE,0.3423,-0.6119,18400
2023-05-29,114504.75,115561.0,1056.25,0.0,1056.25,0.9224508153591882,1,CE,-0.1866,0.0929,18600
2023-05-30,115561.0,116090.75,0.0,529.75,529.75,0.4584159015584842,1,PE,0.4223,-0.7149,18650
2023-05-31,116090.75,117013.75,923.0,0.0,923.0,0.7950676518154978,1,CE,-0.4022,0.2078,18550
2023-06-01,117013.75,115005.25,0.0,-2008.5,-2008.5,-1.7164649453589857,1,PE,0.2521,-0.578,18550
2023-06-02,115005.25,115834.0,828.75,0.0,828.75,0.720619276076527,1,CE,-0.2895,0.0056,18550
2023-06-05,115834.0,116744.0,910.0,0.0,910.0,0.7856069893122918,1,CE,-0.225,0.1495,18600
2023-06-06,116744.0,117247.75,0.0,503.75,503.75,0.4314996916329747,1,PE,0.3154,-0.3718,18600
2023-06-07,117247.75,118651.75,0.0,1404.0,1404.0,1.1974643436654435,1,PE,-0.032,-0.1137,18650
2023-06-08,118651.75,116360.5,0.0,-2291.25,-2291.25,-1.9310713916988158,1,PE,0.1532,-0.1695,18750
2023-06-09,116360.5,118248.75,1888.25,0.0,1888.25,1.6227585821649098,1,CE,-1.1594,0.8695,18650
2023-06-12,118248.75,119539.0,0.0,1290.25,1290.25,1.0911320415649213,1,PE,-0.0682,-0.1524,18600
2023-06-13,119539.0,120202.0,0.0,663.0,663.0,0.5546307062966898,1,PE,0.3273,-0.4931,18700
2023-06-14,120202.0,118404.75,-1797.25,0.0,-1797.25,-1.4951914277632652,1,CE,-0.7747,0.5936,18700
2023-06-15,118404.75,116672.5,0.0,-1732.25,-1732.25,-1.462990293886014,1,PE,-0.0104,-0.3201,18750
2023-06-16,116672.5,117823.0,0.0,1150.5,1150.5,0.9860935524652339,1,PE,0.7473,-0.5995,18750
2023-06-19,117823.0,119951.75,2128.75,0.0,2128.75,1.8067355270193426,1,CE,-0.6216,0.3789,18850
2023-06-20,119951.75,115362.75,-4589.0,0.0,-4589.0,-3.825704918852789,1,CE,-0.722,0.3165,18700
2023-06-21,115362.75,116549.0,0.0,1186.25,1186.25,1.028278192050727,1,PE,0.407,-0.4977,18850
2023-06-22,116549.0,114358.5,0.0,-2190.5,-2190.5,-1.8794670052939106,1,PE,0.2282,-0.3203,18850
2023-06-23,114358.5,115180.75,822.25,0.0,822.25,0.719010829977658,1,CE,-0.9902,0.5067,18650
2023-06-26,115180.75,115411.5,0.0,230.75,230.75,0.20033729594572008,1,PE,0.7179,-0.7767,18700
2023-06-27,115411.5,113637.0,-1774.5,0.0,-1774.5,-1.5375417527716042,1,CE,-0.2809,0.1409,18750
2023-06-28,113637.0,115063.75,0.0,1426.75,1426.75,1.2555329690153736,1,PE,0.1429,-0.2285,18850
2023-06-30,115063.75,117345.25,0.0,2281.5,2281.5,1.9828138749171653,1,PE,0.6032,-0.8199,19100
2023-07-03,117345.25,118586.75,0.0,1241.5,1241.5,1.0579891388871727,1,PE,0.9723,-0.5427,19300
2023-07-04,118586.75,117832.75,-754.0,0.0,-754.0,-0.6358214556010684,1,CE,-0.9799,0.6114,19350
2023-07-05,117832.75,117039.75,-793.0,0.0,-793.0,-0.6729877729239112,1,CE,-0.1291,0.0365,19400
2023-07-06,117039.75,119272.5,0.0,2232.75,2232.75,1.907685209512153,1,PE,-0.0855,-0.2075,19400
2023-07-07,119272.5,114189.5,0.0,-5083.0,-5083.0,-4.261669705925507,1,PE,0.4494,-0.8643,19500
2023-07-10,114189.5,113568.75,0.0,-620.75,-620.75,-0.5436139049562351,1,PE,-0.038,-0.1625,19400
2023-07-11,113568.75,113585.0,0.0,16.25,16.25,0.014308513565571513,1,PE,0.3673,-0.5222,19450
2023-07-12,113585.0,116110.25,2525.25,0.0,2525.25,2.2232248976537394,1,CE,-0.164,-0.0732,19450
2023-07-13,116110.25,114192.75,0.0,-1917.5,-1917.5,-1.651447654276862,1,PE,0.462,-0.6954,19500
2023-07-14,114192.75,110871.25,-3321.5,0.0,-3321.5,-2.9086785281902747,1,CE,-0.7657,0.4779,19450
2023-07-17,110871.25,113474.5,0.0,2603.25,2603.25,2.347993731467806,1,PE,-0.0313,-0.0792,19600
2023-07-18,113474.5,113666.25,191.75,0.0,191.75,0.16898069610352986,1,CE,-0.8958,0.5707,19750
2023-07-19,113666.25,115379.0,0.0,1712.75,1712.75,1.506823705365489,1,PE,0.0326,-0.3121,19800
2023-07-20,115379.0,110871.25,-4507.75,0.0,-4507.75,-3.906906802797736,1,CE,-0.2195,0.0729,19750
2023-07-21,110871.25,113390.0,2518.75,0.0,2518.75,2.2717792033552433,1,CE,-1.0234,0.7025,19800
2023-07-24,113390.0,113026.0,0.0,-364.0,-364.0,-0.3210159626069318,1,PE,-0.0217,-0.1813,19700
2023-07-25,113026.0,114309.75,1283.75,0.0,1283.75,1.1358006122485091,1,CE,-0.1918,0.0611,19700
2023-07-26,114309.75,115268.5,0.0,958.75,958.75,0.8387298546274488,1,PE,0.5761,-0.7097,19750
2023-07-27,115268.5,112792.0,0.0,-2476.5,-2476.5,-2.148462068995433,1,PE,-0.0998,-0.1559,19850
2023-07-28,112792.0,113718.25,0.0,926.25,926.25,0.8212018582878218,1,PE,0.156,-0.3119,19650
2023-07-31,113718.25,116861.0,0.0,3142.75,3142.75,2.7636285292817995,1,PE,0.3951,-0.6957,19650
2023-08-01,116861.0,118291.0,1430.0,0.0,1430.0,1.223675991134767,1,CE,-0.1599,-0.059,19750
2023-08-02,118291.0,121944.0,3653.0,0.0,3653.0,3.088147027246367,1,CE,-0.7492,0.2892,19600
2023-08-03,121944.0,118222.75,0.0,-3721.25,-3721.25,-3.051605655054779,1,PE,0.1438,-0.4253,19500
2023-08-04,118222.75,115148.25,-3074.5,0.0,-3074.5,-2.6005992924373693,1,CE,-0.5926,0.3622,19450
2023-08-07,115148.25,113965.25,-1183.0,0.0,-1183.0,-1.027371236644934,1,CE,-0.134,0.1323,19550
2023-08-08,113965.25,115343.25,1378.0,0.0,1378.0,1.2091405055488404,1,CE,-0.4194,0.5043,19600
2023-08-09,115343.25,110803.0,-4540.25,0.0,-4540.25,-3.9362944949097582,1,CE,-0.8746,0.7087,19500
2023-08-10,110803.0,106685.25,0.0,-4117.75,-4117.75,-3.716280245119717,1,PE,0.1128,-0.2016,19600
2023-08-11,106685.25,107741.5,1056.25,0.0,1056.25,0.9900618876555101,1,CE,-0.5777,0.2777,19500
2023-08-14,107741.5,101618.5,-6123.0,0.0,-6123.0,-5.683046922495047,1,CE,-0.6512,0.219,19300
2023-08-16,101618.5,104810.0,0.0,3191.5,3191.5,3.1406682838262716,1,PE,0.1495,-0.6777,19400
2023-08-17,104810.0,107081.75,2271.75,0.0,2271.75,2.1674935597748304,1,CE,-1.1109,0.7364,19400
2023-08-18,107081.75,106415.5,-666.25,0.0,-666.25,-0.622188187996554,1,CE,-0.2621,0.062,19300
2023-08-21,106415.5,108219.25,0.0,1803.75,1803.75,1.6950068364101094,1,PE,0.0825,-0.2714,19350
2023-08-22,108219.25,107026.5,0.0,-1192.75,-1192.75,-1.1021606599565235,1,PE,0.3426,-0.6622,19450
2023-08-23,107026.5,109035.0,0.0,2008.5,2008.5,1.876638028899385,1,PE,-0.0662,-0.1827,19400
2023-08-24,109035.0,107458.75,0.0,-1576.25,-1576.25,-1.445636722153437,1,PE,0.3099,-0.8441,19550
2023-08-25,107458.75,105577.0,0.0,-1881.75,-1881.75,-1.7511370642223179,1,PE,0.3962,-0.8494,19300
2023-08-28,105577.0,106847.75,0.0,1270.75,1270.75,1.2036238953559961,1,PE,0.0458,-0.3943,19300
2023-08-29,106847.75,106919.25,0.0,71.5,71.5,0.06691764683860915,1,PE,0.0175,-0.2933,19350
2023-08-30,106919.25,103097.25,0.0,-3822.0,-3822.0,-3.5746603160796577,1,PE,0.2551,-0.5077,19450
2023-08-31,103097.25,104946.5,1849.25,0.0,1849.25,1.7936947881733025,1,CE,-0.1802,0.081,19350
2023-09-01,104946.5,107208.5,0.0,2262.0,2262.0,2.155383933718609,1,PE,0.0701,-0.3691,19300
2023-09-04,107208.5,105200.0,-2008.5,0.0,-2008.5,-1.8734521982865164,1,CE,-0.6037,0.2387,19450
2023-09-05,105200.0,106444.75,0.0,1244.75,1244.75,1.183222433460076,1,PE,0.2964,-0.3551,19550
2023-09-06,106444.75,102424.5,0.0,-4020.25,-4020.25,-3.776841976706226,1,PE,0.2274,-0.3683,19600
2023-09-07,102424.5,100188.5,-2236.0,0.0,-2236.0,-2.1830714331043843,1,CE,-0.3588,0.1366,19550
2023-09-08,100188.5,101628.25,0.0,1439.75,1439.75,1.4370411773806375,1,PE,0.5991,-0.3562,19800
2023-09-11,101628.25,104358.25,0.0,2730.0,2730.0,2.6862609559841872,1,PE,0.1418,-0.2154,19900
2023-09-12,104358.25,105560.75,1202.5,0.0,1202.5,1.1522807252900467,1,CE,-1.0918,0.5505,20000
2023-09-13,105560.75,101540.5,-4020.25,0.0,-4020.25,-3.8084704779001664,1,CE,-0.2744,0.0823,20000
2023-09-14,101540.5,97968.75,0.0,-3571.75,-3571.75,-3.5175619580364486,1,PE,0.2306,-0.5075,20150
2023-09-15,97968.75,97162.75,-806.0,0.0,-806.0,-0.8227113237639553,1,CE,-0.1765,0.0473,20150
2023-09-18,97162.75,96854.0,0.0,-308.75,-308.75,-0.3177658104571968,1,PE,0.2311,-0.3265,20150
2023-09-20,96854.0,100526.5,3672.5,0.0,3672.5,3.791789704090693,1,CE,-0.5725,0.0842,20000
2023-09-21,100526.5,102063.75,1537.25,0.0,1537.25,1.529198768483932,1,CE,-0.5227,0.2814,19800
2023-09-22,102063.75,104439.5,2375.75,0.0,2375.75,2.32771184676244,1,CE,-0.7277,0.3888,19750
2023-09-25,104439.5,105154.5,0.0,715.0,715.0,0.6846068776660171,1,PE,0.1623,-0.5537,19700
2023-09-26,105154.5,106191.25,1036.75,0.0,1036.75,0.98593022647628,1,CE,-0.1002,-0.0932,19700
2023-09-27,106191.25,102115.75,-4075.5,0.0,-4075.5,-3.837886831542147,1,CE,-0.3468,0.3751,19600
2023-09-28,102115.75,103610.75,1495.0,0.0,1495.0,1.4640248933195907,1,CE,-0.9221,1.3317,19700
2023-09-29,103610.75,103744.0,133.25,0.0,133.25,0.12860634634919638,1,CE,-0.4491,0.0123,19600
2023-10-03,103744.0,104117.75,373.75,0.0,373.75,0.3602617982726712,1,CE,-0.6022,0.2889,19500
2023-10-04,104117.75,102973.75,-1144.0,0.0,-1144.0,-1.0987559758062386,1,CE,-0.3594,0.2081,19400
2023-10-05,102973.75,104394.0,0.0,1420.25,1420.25,1.379234999210964,1,PE,0.3531,-0.8532,19550
2023-10-06,104394.0,106548.75,0.0,2154.75,2154.75,2.064055405483074,1,PE,0.0283,0.0194,19600
2023-10-09,106548.75,105495.75,0.0,-1053.0,-1053.0,-0.9882800126702566,1,PE,0.6144,-0.7745,19550
2023-10-10,105495.75,101599.0,-3896.75,0.0,-3896.75,-3.69375069611809,1,CE,-0.0722,-0.0655,19600
2023-10-11,101599.0,102213.25,0.0,614.25,614.25,0.6045827222708885,1,PE,0.5247,-0.5378,19800
2023-10-12,102213.25,103851.25,1638.0,0.0,1638.0,1.6025319613650872,1,CE,-1.0435,0.4791,19800
2023-10-13,103851.25,104904.25,0.0,1053.0,1053.0,1.0139502413307495,1,PE,0.0529,-0.3436,19700
2023-10-16,104904.25,105603.0,0.0,698.75,698.75,0.6660835952785517,1,PE,0.12,-0.2505,19700
2023-10-17,105603.0,104628.0,0.0,-975.0,-975.0,-0.9232692253060993,1,PE,0.2285,-0.418,19850
2023-10-18,104628.0,100861.25,0.0,-3766.75,-3766.75,-3.6001357189280117,1,PE,0.6584,-0.7477,19800
2023-10-19,100861.25,98404.25,-2457.0,0.0,-2457.0,-2.4360197796477836,1,CE,-0.2721,0.1427,19550
2023-10-20,98404.25,99571.0,1166.75,0.0,1166.75,1.1856703343605586,1,CE,-0.1019,-0.0231,19550
2023-10-23,99571.0,103178.5,3607.5,0.0,3607.5,3.6230428538429864,1,CE,-0.268,0.2087,19550
2023-10-25,103178.5,107406.75,4228.25,0.0,4228.25,4.0979952218727735,1,CE,-0.2018,0.141,19300
2023-10-26,107406.75,109220.25,1813.5,0.0,1813.5,1.6884413689083788,1,CE,-1.632,0.9591,18950
2023-10-27,109220.25,111726.0,0.0,2505.75,2505.75,2.2942174184732225,1,PE,0.7232,-0.9384,19000
2023-10-30,111726.0,104657.25,-7068.75,0.0,-7068.75,-6.326862144890177,1,CE,-1.5173,0.911,18950
2023-10-31,104657.25,107023.25,2366.0,0.0,2366.0,2.2607129463080673,1,CE,-0.5203,0.4226,19150
2023-11-01,107023.25,104371.25,0.0,-2652.0,-2652.0,-2.4779662363084656,1,PE,0.0491,-0.2619,19050
2023-11-02,104371.25,101579.5,0.0,-2791.75,-2791.75,-2.674826640478101,1,PE,-0.0295,-0.4998,19150
2023-11-03,101579.5,100260.0,0.0,-1319.5,-1319.5,-1.2989825703020788,1,PE,0.2238,-0.2686,19250
2023-11-06,100260.0,102125.5,0.0,1865.5,1865.5,1.8606622780769997,1,PE,0.1544,-0.2523,19350
2023-11-08,102125.5,102837.25,0.0,711.75,711.75,0.6969366123054478,1,PE,-0.0579,-0.1465,19450
2023-11-09,102837.25,103799.25,962.0,0.0,962.0,0.9354586980884846,1,CE,-0.2008,-0.1791,19450
2023-11-10,103799.25,101150.5,-2648.75,0.0,-2648.75,-2.5518007114694954,1,CE,-0.1401,-0.0918,19350
2023-11-13,101150.5,101517.75,367.25,0.0,367.25,0.36307284689645625,1,CE,-0.2078,0.0471,19450
2023-11-15,101517.75,103285.75,0.0,1768.0,1768.0,1.741567361372765,1,PE,0.1926,-0.5469,19650
2023-11-16,103285.75,104416.75,0.0,1131.0,1131.0,1.0950203682502184,1,PE,0.9386,-1.6258,19700
2023-11-17,104416.75,103792.75,0.0,-624.0,-624.0,-0.5976052692695377,1,PE,0.48,-0.4623,19800
2023-11-20,103792.75,104663.75,871.0,0.0,871.0,0.8391722928624591,1,CE,-0.5598,0.2348,19700
2023-11-21,104663.75,105362.5,0.0,698.75,698.75,0.6676141452986349,1,PE,0.2067,-0.4599,19800
2023-11-22,105362.5,101920.75,0.0,-3441.75,-3441.75,-3.26657966544074,1,PE,0.0831,-0.1273,19800
2023-11-23,101920.75,100308.75,0.0,-1612.0,-1612.0,-1.5816210143665546,1,PE,0.1452,-0.333,19850
2023-11-24,100308.75,101017.25,708.5,0.0,708.5,0.7063192393485115,1,CE,-0.55,0.2242,19800
2023-11-28,101017.25,98297.0,-2720.25,0.0,-2720.25,-2.692856913051979,1,CE,-0.1945,-0.0029,19850
2023-11-29,98297.0,100195.0,0.0,1898.0,1898.0,1.9308829364070115,1,PE,0.5426,-0.3863,20000
2023-11-30,100195.0,102782.0,2587.0,0.0,2587.0,2.5819651679225513,1,CE,-0.0507,-0.0338,20100
2023-12-01,102782.0,103412.5,0.0,630.5,630.5,0.6134342589169309,1,PE,0.0982,-0.0897,20200
2023-12-04,103412.5,105489.25,0.0,2076.75,2076.75,2.008219509246948,1,PE,0.6071,-0.9699,20550
2023-12-05,105489.25,108479.25,0.0,2990.0,2990.0,2.8344120372455013,1,PE,0.6824,-1.1143,20800
2023-12-06,108479.25,109425.0,945.75,0.0,945.75,0.871825717821611,1,CE,-0.444,0.5581,20950
2023-12-07,109425.0,111560.25,0.0,2135.25,2135.25,1.9513365318711446,1,PE,0.1042,-0.8907,20900
2023-12-08,111560.25,112223.25,0.0,663.0,663.0,0.5942977001216831,1,PE,0.428,-0.2907,20950
2023-12-11,112223.25,112158.25,-65.0,0.0,-65.0,-0.057920261621366334,1,CE,-0.2077,0.0578,21000
2023-12-12,112158.25,107861.75,0.0,-4296.5,-4296.5,-3.8307480724779497,1,PE,0.0025,-0.1224,21000
2023-12-13,107861.75,108537.75,676.0,0.0,676.0,0.6267281960472549,1,CE,-0.2779,-0.1639,20900
2023-12-14,108537.75,110877.75,0.0,2340.0,2340.0,2.1559319223035303,1,PE,0.3421,-1.1073,21150
2023-12-15,110877.75,100786.5,-10091.25,0.0,-10091.25,-9.101239879055987,1,CE,-0.4974,0.2585,21250
2023-12-18,100786.5,100565.5,0.0,-221.0,-221.0,-0.2192753989869675,1,PE,0.137,0.0414,21450
2023-12-19,100565.5,97738.0,-2827.5,0.0,-2827.5,-2.8116003997394734,1,CE,-1.1626,0.5245,21350
2023-12-20,97738.0,94400.25,0.0,-3337.75,-3337.75,-3.4149972375125333,1,PE,0.6011,-0.6802,21550
2023-12-21,94400.25,98124.75,0.0,3724.5,3724.5,3.945434466540078,1,PE,-0.0999,-0.8815,21100
2023-12-22,98124.75,100344.5,0.0,2219.75,2219.75,2.262171368589474,1,PE,0.2843,-0.4823,21300
2023-12-26,100344.5,102821.0,0.0,2476.5,2476.5,2.4679977477589703,1,PE,0.3593,-0.3077,21350
2023-12-27,102821.0,105720.0,0.0,2899.0,2899.0,2.8194629501755477,1,PE,0.7498,-0.5768,21550
2023-12-28,105720.0,108424.0,0.0,2704.0,2704.0,2.557699583806281,1,PE,0.0525,-0.1735,21750
2023-12-29,108424.0,110214.75,0.0,1790.75,1790.75,1.651617723013355,1,PE,0.637,-0.4461,21750
2024-01-01,110214.75,112863.5,0.0,2648.75,2648.75,2.4032627211874997,1,PE,-0.1554,-0.1694,21700
2024-01-02,112863.5,106558.5,0.0,-6305.0,-6305.0,-5.586394184125072,1,PE,0.3137,-0.356,21750
2024-01-03,106558.5,110387.0,3828.5,0.0,3828.5,3.5928621367605587,1,CE,-0.8719,0.5715,21550
2024-01-04,110387.0,111722.75,0.0,1335.75,1335.75,1.2100609673240508,1,PE,0.1719,-0.8511,21600
2024-01-05,111722.75,112736.75,1014.0,0.0,1014.0,0.9076038676097751,1,CE,-0.1764,-0.0409,21700
2024-01-08,112736.75,116328.0,3591.25,0.0,3591.25,3.185518475563647,1,CE,-1.5722,1.2515,21650
2024-01-09,116328.0,119789.25,3461.25,0.0,3461.25,2.9754229420259954,1,CE,-0.3281,0.4955,21600
2024-01-10,119789.25,114703.0,-5086.25,0.0,-5086.25,-4.2459987018868555,1,CE,-0.1554,0.4492,21550
2024-01-11,114703.0,116178.5,1475.5,0.0,1475.5,1.286365657393442,1,CE,-0.6473,0.3852,21700
2024-01-12,116178.5,119516.25,0.0,3337.75,3337.75,2.8729498142943832,1,PE,0.181,-0.3441,21750
2024-01-15,119516.25,121794.5,0.0,2278.25,2278.25,1.9062261407967536,1,PE,0.0667,-0.1941,22050
2024-01-16,121794.5,121521.5,0.0,-273.0,-273.0,-0.22414805266247656,1,PE,-0.0032,-0.0083,22050
2024-01-17,121521.5,125444.25,3922.75,0.0,3922.75,3.2280296079294613,1,CE,-0.8831,-0.2518,21850
2024-01-18,125444.25,122262.5,-3181.75,0.0,-3181.75,-2.5363856852745346,1,CE,-1.7342,1.135,21400
2024-01-19,122262.5,121856.25,-406.25,0.0,-406.25,-0.3322768633064104,1,CE,-0.0283,0.1265,21650
2024-01-20,121856.25,125109.5,3253.25,0.0,3253.25,2.6697440631892086,1,CE,-0.5763,1.1168,21650
2024-01-23,125109.5,131411.25,6301.75,0.0,6301.75,5.036987598863395,1,CE,-0.14,0.2122,21750
2024-01-24,131411.25,137219.0,0.0,5807.75,5807.75,4.419522681657773,1,PE,1.6621,-2.2516,21300
2024-01-25,137219.0,141229.5,4010.5,0.0,4010.5,2.922700209154709,1,CE,-0.8978,0.1218,21350
2024-01-29,141229.5,145347.25,0.0,4117.75,4117.75,2.9156443944076837,1,PE,1.962,-0.6785,21550
2024-01-30,145347.25,154772.25,9425.0,0.0,9425.0,6.48447081042125,1,CE,-0.385,0.6217,21750
2024-01-31,154772.25,158815.25,0.0,4043.0,4043.0,2.612225382780182,1,PE,1.9423,-2.4641,21600
2024-02-01,158815.25,163245.0,4429.75,0.0,4429.75,2.7892472542781626,1,CE,-1.2416,-1.0126,21750
2024-02-02,163245.0,160931.0,0.0,-2314.0,-2314.0,-1.4175013017244018,1,PE,1.4478,-1.2176,21900
2024-02-05,160931.0,154876.25,0.0,-6054.75,-6054.75,-3.762326711447763,1,PE,0.8047,-0.6638,21900
2024-02-06,154876.25,158552.0,0.0,3675.75,3675.75,2.373346462094737,1,PE,1.0543,-1.4373,21850
2024-02-07,158552.0,161854.0,3302.0,0.0,3302.0,2.0825975074423533,1,CE,-0.5807,0.4136,22000
2024-02-08,161854.0,165617.5,3763.5,0.0,3763.5,2.3252437381837954,1,CE,-0.7642,0.409,21950
2024-02-09,165617.5,167925.0,0.0,2307.5,2307.5,1.3932706386704303,1,PE,0.4848,-0.5806,21750
2024-02-12,167925.0,172657.0,4732.0,0.0,4732.0,2.8179246687509303,1,CE,-0.5109,0.3075,21750
2024-02-13,172657.0,167752.75,-4904.25,0.0,-4904.25,-2.840458249593124,1,CE,-0.6078,0.3404,21600
2024-02-14,167752.75,161746.75,-6006.0,0.0,-6006.0,-3.580269175915149,1,CE,-0.6556,0.0468,21550
2024-02-15,161746.75,158090.5,-3656.25,0.0,-3656.25,-2.2604781858058973,1,CE,-1.7683,1.0825,21850
2024-02-16,158090.5,159393.75,0.0,1303.25,1303.25,0.8243695857752362,1,PE,0.2448,-0.0117,22000
2024-02-19,159393.75,157089.5,-2304.25,0.0,-2304.25,-1.4456338469983925,1,CE,-0.5331,0.4866,22050
2024-02-20,157089.5,160596.25,0.0,3506.75,3506.75,2.2323261580182,1,PE,0.6501,-0.6747,22100
2024-02-21,160596.25,152841.75,0.0,-7754.5,-7754.5,-4.828568537559252,1,PE,0.1394,-0.4733,22250
2024-02-22,152841.75,155802.5,2960.75,0.0,2960.75,1.9371343235732383,1,CE,-0.5295,1.2192,22050
2024-02-23,155802.5,155165.5,0.0,-637.0,-637.0,-0.4088509491182747,1,PE,0.2034,-0.0895,22250
2024-02-26,155165.5,153228.5,0.0,-1937.0,-1937.0,-1.2483445095720376,1,PE,0.1282,-0.2236,22200
2024-02-27,153228.5,156403.75,0.0,3175.25,3175.25,2.0722319933954845,1,PE,0.4756,-0.3923,22150
2024-02-28,156403.75,161662.25,5258.5,0.0,5258.5,3.3621316624441553,1,CE,-0.1964,-0.06,22200
2024-02-29,161662.25,157144.75,0.0,-4517.5,-4517.5,-2.7944062389333317,1,PE,0.3892,-0.9823,21950
2024-03-01,157144.75,161577.75,0.0,4433.0,4433.0,2.8209660201820297,1,PE,0.5288,-0.4438,22200
2024-03-02,161577.75,163436.75,0.0,1859.0,1859.0,1.1505296985506979,1,PE,0.5529,-0.2953,22400
2024-03-04,163436.75,164951.25,1514.5,0.0,1514.5,0.926658172045149,1,CE,-0.684,0.6415,22400
2024-03-05,164951.25,166218.75,0.0,1267.5,1267.5,0.7684088480687475,1,PE,-0.1247,-0.2183,22350
2024-03-06,166218.75,170710.25,0.0,4491.5,4491.5,2.702162060537695,1,PE,0.3393,-0.4773,22350
2024-03-07,170710.25,172673.25,1963.0,0.0,1963.0,1.1499016608551624,1,CE,-0.9418,0.0893,22500
2024-03-11,172673.25,177018.5,4345.25,0.0,4345.25,2.5164581080161517,1,CE,-0.8904,0.3367,22450
2024-03-12,177018.5,175660.0,0.0,-1358.5,-1358.5,-0.7674339122747058,1,PE,1.4973,-1.3463,22400
2024-03-13,175660.0,181246.75,5586.75,0.0,5586.75,3.1804337925537967,1,CE,-0.8324,0.8091,22350
2024-03-14,181246.75,184243.25,0.0,2996.5,2996.5,1.6532710241700883,1,PE,1.0519,-2.0356,22000
2024-03-15,184243.25,185462.0,1218.75,0.0,1218.75,0.6614896339485978,1,CE,-1.4574,1.7783,22050
2024-03-18,185462.0,182777.5,-2684.5,0.0,-2684.5,-1.4474663273339012,1,CE,-0.9568,1.1815,21950
2024-03-19,182777.5,188227.75,5450.25,0.0,5450.25,2.9819042278179753,1,CE,-0.3265,0.247,21950
2024-03-20,188227.75,182816.5,0.0,-5411.25,-5411.25,-2.8748417807682447,1,PE,-0.1025,-0.1669,21850
2024-03-21,182816.5,180054.0,-2762.5,0.0,-2762.5,-1.5110780482068085,1,CE,-0.4193,-0.2722,22000
2024-03-22,180054.0,167808.0,-12246.0,0.0,-12246.0,-6.801292945449698,1,CE,-0.6341,0.4015,21900
2024-03-26,167808.0,168032.25,224.25,0.0,224.25,0.13363486842105263,1,CE,-0.9912,0.2289,22000
2024-03-27,168032.25,169803.5,0.0,1771.25,1771.25,1.054113124117543,1,PE,1.6661,-1.2686,22100
2024-03-28,169803.5,171799.0,0.0,1995.5,1995.5,1.175181901433127,1,PE,1.095,-1.1738,22250
2024-04-01,171799.0,172764.25,0.0,965.25,965.25,0.5618484391643723,1,PE,0.108,-0.4135,22500
2024-04-02,172764.25,173648.25,0.0,884.0,884.0,0.5116799337825968,1,PE,1.1985,-1.1245,22450
2024-04-03,173648.25,168740.75,-4907.5,0.0,-4907.5,-2.8261154373856345,1,CE,-0.1718,-0.0084,22350
2024-04-04,168740.75,164447.5,-4293.25,0.0,-4293.25,-2.5442876128024796,1,CE,-2.4664,1.6408,22450
2024-04-05,164447.5,166469.0,0.0,2021.5,2021.5,1.2292676994177474,1,PE,0.1845,-0.1214,22450
2024-04-08,166469.0,168705.0,0.0,2236.0,2236.0,1.3431930269299388,1,PE,0.9807,-0.9521,22600
2024-04-09,168705.0,166569.75,0.0,-2135.25,-2135.25,-1.2656708455588157,1,PE,0.1979,-0.5494,22750
2024-04-10,166569.75,168705.0,0.0,2135.25,2135.25,1.2818954221880023,1,PE,0.2269,-0.7017,22700
2024-04-12,168705.0,172143.5,3438.5,0.0,3438.5,2.0381731424676213,1,CE,-0.4932,-0.0512,22650
2024-04-15,172143.5,174051.25,1907.75,0.0,1907.75,1.1082323758956916,1,CE,-1.6349,0.9768,22300
2024-04-16,174051.25,174902.75,0.0,851.5,851.5,0.48922372002499265,1,PE,0.3125,-0.4971,22200
2024-04-18,174902.75,170840.25,-4062.5,0.0,-4062.5,-2.322719339747374,1,CE,-1.078,1.0429,22200
2024-04-19,170840.25,177359.75,0.0,6519.5,6519.5,3.816138175868977,1,PE,0.5585,-0.6002,21850
2024-04-22,177359.75,172748.0,-4611.75,0.0,-4611.75,-2.6002235569231464,1,CE,-0.4025,0.7029,22200
2024-04-23,172748.0,173752.25,0.0,1004.25,1004.25,0.5813381341607429,1,PE,-0.0069,-0.0167,22400
2024-04-24,173752.25,174535.5,0.0,783.25,783.25,0.45078552939602223,1,PE,-0.0341,-0.1148,22400
2024-04-25,174535.5,177561.25,0.0,3025.75,3025.75,1.7336014736257095,1,PE,1.2918,-1.2114,22400
2024-04-26,177561.25,174704.5,0.0,-2856.75,-2856.75,-1.6088814423192,1,PE,0.3844,0.0137,22600
2024-04-29,174704.5,177782.25,0.0,3077.75,3077.75,1.7616890234653373,1,PE,0.0743,-0.088,22500
2024-04-30,177782.25,176154.0,0.0,-1628.25,-1628.25,-0.9158675852060597,1,PE,0.7749,-0.502,22700
2024-05-02,176154.0,178383.5,0.0,2229.5,2229.5,1.2656539164594616,1,PE,-0.4551,-0.5042,22650
2024-05-03,178383.5,185471.75,7088.25,0.0,7088.25,3.9736018185538455,1,CE,-0.0494,0.2003,22750
2024-05-08,185471.75,188130.25,0.0,2658.5,2658.5,1.433371928609074,1,PE,0.2634,-0.7465,22250
2024-05-09,188130.25,191074.75,2944.5,0.0,2944.5,1.5651390459535348,1,CE,-1.5373,0.907,22250
2024-05-10,191074.75,191341.25,0.0,266.5,266.5,0.13947421100904228,1,PE,0.914,-0.867,22050
2024-05-13,191341.25,184360.25,-6981.0,0.0,-6981.0,-3.648455312171317,1,CE,-2.4081,1.9835,21900
2024-05-14,184360.25,182078.75,-2281.5,0.0,-2281.5,-1.2375227306320098,1,CE,-0.4245,0.5375,22150
2024-05-15,182078.75,175955.75,0.0,-6123.0,-6123.0,-3.3628306433342714,1,PE,0.0259,-0.4368,22300
2024-05-16,175955.75,178880.75,2925.0,0.0,2925.0,1.6623497669158296,1,CE,-1.1129,1.2922,22250
2024-05-17,178880.75,175114.0,-3766.75,0.0,-3766.75,-2.1057324502496777,1,CE,-0.8927,0.2496,22350
2024-05-18,175114.0,176209.25,0.0,1095.25,1095.25,0.6254497070479802,1,PE,0.1311,-0.1752,22500
2024-05-21,176209.25,175679.5,-529.75,0.0,-529.75,-0.30063688484004103,1,CE,-0.6591,0.1331,22500
2024-05-22,175679.5,171938.75,-3740.75,0.0,-3740.75,-2.1293036466975375,1,CE,-0.3998,0.3221,22500
2024-05-23,171938.75,175140.0,0.0,3201.25,3201.25,1.861854875646124,1,PE,2.1013,-1.2736,22650
2024-05-24,175140.0,176176.75,1036.75,0.0,1036.75,0.5919550074226333,1,CE,-0.0714,0.2565,23000
2024-05-27,176176.75,178692.25,2515.5,0.0,2515.5,1.4278274516926892,1,CE,-0.1499,-0.0844,23000
2024-05-28,178692.25,181549.0,2856.75,0.0,2856.75,1.5986983207162033,1,CE,-0.2984,0.2981,22950
2024-05-29,181549.0,179943.5,0.0,-1605.5,-1605.5,-0.8843342568672921,1,PE,0.0871,-0.3126,22800
2024-05-30,179943.5,184012.5,4069.0,0.0,4069.0,2.26126534162112,1,CE,-1.771,1.3636,22600
2024-05-31,184012.5,181181.75,0.0,-2830.75,-2830.75,-1.5383465797160518,1,PE,-0.4466,-1.5966,22650
2024-06-03,181181.75,169069.0,-12112.75,0.0,-12112.75,-6.6854139558757995,1,CE,-2.3013,-0.2135,23100
2024-06-04,169069.0,187126.0,18057.0,0.0,18057.0,10.680254807208891,1,CE,-2.4869,6.3287,22600
2024-06-05,187126.0,176664.25,-10461.75,0.0,-10461.75,-5.5907516860297335,1,CE,-1.8995,-1.7002,21950
2024-06-06,176664.25,183846.75,0.0,7182.5,7182.5,4.06562165237166,1,PE,0.1243,-1.6198,22750
2024-06-07,183846.75,193336.75,0.0,9490.0,9490.0,5.161907947788035,1,PE,1.6566,-1.2073,22950
2024-06-10,193336.75,197441.5,4104.75,0.0,4104.75,2.1231090312628096,1,CE,-1.6003,1.5225,23300
2024-06-11,197441.5,199115.25,1673.75,0.0,1673.75,0.8477194510779141,1,CE,-0.8919,0.0258,23250
2024-06-12,199115.25,198049.25,0.0,-1066.0,-1066.0,-0.535368335674942,1,PE,0.7725,-1.16,23400
2024-06-13,198049.25,200451.0,2401.75,0.0,2401.75,1.2127034058447583,1,CE,-1.3286,0.8337,23400
2024-06-14,200451.0,196928.0,-3523.0,0.0,-3523.0,-1.7575367546183358,1,CE,-1.1107,0.6295,23350
2024-06-18,196928.0,196889.0,0.0,-39.0,-39.0,-0.01980419239519012,1,PE,0.8238,-0.7925,23550
2024-06-19,196889.0,199446.75,2557.75,0.0,2557.75,1.2990822239942303,1,CE,-0.5518,0.7537,23550
2024-06-20,199446.75,195241.25,-4205.5,0.0,-4205.5,-2.1085828673568257,1,CE,-0.5572,0.2236,23500
2024-06-21,195241.25,190853.75,0.0,-4387.5,-4387.5,-2.247219785777852,1,PE,-0.1281,-0.1639,23600
2024-06-24,190853.75,183255.25,-7598.5,0.0,-7598.5,-3.9813207757248676,1,CE,-0.6781,0.4972,23400
2024-06-25,183255.25,186888.75,0.0,3633.5,3633.5,1.9827535636768934,1,PE,-0.0524,-0.1873,23600
2024-06-26,186888.75,181129.75,-5759.0,0.0,-5759.0,-3.081512397081151,1,CE,-0.6733,0.0978,23700
2024-06-27,181129.75,184318.0,0.0,3188.25,3188.25,1.7602022859303896,1,PE,0.0826,-0.462,23850
2024-06-28,184318.0,181789.5,0.0,-2528.5,-2528.5,-1.371813930272681,1,PE,1.0189,-0.6688,24150
2024-07-01,181789.5,184175.0,0.0,2385.5,2385.5,1.3122320045987255,1,PE,0.8111,-0.9898,24100
2024-07-02,184175.0,184149.0,-26.0,0.0,-26.0,-0.01411700828016832,1,CE,-1.6059,1.5382,24100
2024-07-03,184149.0,185484.75,0.0,1335.75,1335.75,0.7253637000472444,1,PE,0.6324,-0.7162,24300
2024-07-04,185484.75,182657.25,0.0,-2827.5,-2827.5,-1.5243840800928379,1,PE,0.1459,-1.6419,24400
2024-07-05,182657.25,186303.75,0.0,3646.5,3646.5,1.996362038736486,1,PE,0.0388,-0.0825,24200
2024-07-08,186303.75,185098.0,-1205.75,0.0,-1205.75,-0.6471957757157331,1,CE,-0.5764,0.3511,24300
2024-07-09,185098.0,187438.0,0.0,2340.0,2340.0,1.2641951830921998,1,PE,0.3056,-0.527,24400
2024-07-10,187438.0,190210.25,2772.25,0.0,2772.25,1.4790223967391884,1,CE,-0.411,-0.0973,24350
2024-07-11,190210.25,191611.0,1400.75,0.0,1400.75,0.7364219330977169,1,CE,-1.0806,0.5009,24350
2024-07-12,191611.0,193310.75,0.0,1699.75,1699.75,0.8870837269259071,1,PE,1.4171,-0.9966,24400
2024-07-15,193310.75,192121.25,-1189.5,0.0,-1189.5,-0.6153304976572694,1,CE,-0.4363,0.0649,24550
2024-07-16,192121.25,193125.5,0.0,1004.25,1004.25,0.522716773912308,1,PE,0.2386,-0.4517,24650
2024-07-18,193125.5,189804.0,-3321.5,0.0,-3321.5,-1.7198660974340518,1,CE,-0.3617,-0.2036,24600
2024-07-19,189804.0,195306.25,5502.25,0.0,5502.25,2.8989115087142525,1,CE,-0.3918,0.0807,24750
2024-07-22,195306.25,196866.25,0.0,1560.0,1560.0,0.7987455598579154,1,PE,1.4604,-1.4482,24500
2024-07-23,196866.25,204988.0,8121.75,0.0,8121.75,4.1255166896306505,1,CE,-0.2944,1.2127,24500
2024-07-24,204988.0,207207.75,2219.75,0.0,2219.75,1.0828682654594417,1,CE,-0.2449,0.5651,24400
2024-07-25,207207.75,211111.0,0.0,3903.25,3903.25,1.8837374567312275,1,PE,0.2465,-2.1413,24300
2024-07-26,211111.0,217354.25,0.0,6243.25,6243.25,2.95733050385816,1,PE,1.3641,-1.4532,24500
2024-07-29,217354.25,219418.0,2063.75,0.0,2063.75,0.9494868400318833,1,CE,-1.214,0.9609,24900
2024-07-30,219418.0,220393.0,0.0,975.0,975.0,0.44435734534085625,1,PE,0.9634,-0.8181,24850
2024-07-31,220393.0,218618.5,-1774.5,0.0,-1774.5,-0.8051526137400008,1,CE,-0.1962,0.5107,24900
2024-08-01,218618.5,221062.5,2444.0,0.0,2444.0,1.1179291779972875,1,CE,-0.6815,-0.6783,25050
2024-08-02,221062.5,223454.5,2392.0,0.0,2392.0,1.0820469324286117,1,CE,-1.0086,1.1853,24750
2024-08-05,223454.5,227481.25,4026.75,0.0,4026.75,1.8020447115632041,1,CE,-0.8722,0.5136,24250
2024-08-06,227481.25,234345.25,6864.0,0.0,6864.0,3.01739154325906,1,CE,-1.0559,0.848,24300
2024-08-07,234345.25,232583.75,-1761.5,0.0,-1761.5,-0.7516687451527181,1,CE,-0.6049,0.7485,24250
2024-08-08,232583.75,237543.25,4959.5,0.0,4959.5,2.132350174936985,1,CE,0.7129,0.7729,24250
2024-08-09,237543.25,237835.75,0.0,292.5,292.5,0.12313547111946982,1,PE,0.7204,-0.6833,24400
2024-08-12,237835.75,236513.0,-1322.75,0.0,-1322.75,-0.556161132209939,1,CE,-0.7539,-0.271,24250
2024-08-13,236513.0,230071.5,0.0,-6441.5,-6441.5,-2.7235289392126436,1,PE,-0.0082,-0.4069,24350
2024-08-14,230071.5,232788.5,2717.0,0.0,2717.0,1.1809372303827288,1,CE,-0.9823,-0.2976,24150
2024-08-16,232788.5,224010.25,-8778.25,0.0,-8778.25,-3.7709122228976084,1,CE,-0.5746,0.2355,24350
2024-08-19,224010.25,226278.75,2268.5,0.0,2268.5,1.0126768752769126,1,CE,-0.4127,0.2204,24600
2024-08-20,226278.75,227435.75,0.0,1157.0,1157.0,0.5113162415825614,1,PE,0.9569,-1.2022,24650
2024-08-21,227435.75,226158.5,-1277.25,0.0,-1277.25,-0.5615871735204339,1,CE,-0.3812,0.1934,24700
2024-08-22,226158.5,227276.5,0.0,1118.0,1118.0,0.49434356878030233,1,PE,-0.1695,-0.8878,24850
2024-08-23,227276.5,225947.25,-1329.25,0.0,-1329.25,-0.5848602913191641,1,CE,-0.536,0.4101,24800
2024-08-26,225947.25,227432.5,0.0,1485.25,1485.25,0.657343694158703,1,PE,2.3023,-2.305,24950
2024-08-27,227432.5,227790.0,357.5,0.0,357.5,0.15718949578446353,1,CE,-1.04,0.618,25000
2024-08-28,227790.0,222200.0,-5590.0,0.0,-5590.0,-2.454014662627859,1,CE,-0.7744,0.5566,25000
2024-08-29,222200.0,224306.0,0.0,2106.0,2106.0,0.9477947794779479,1,PE,0.6341,-0.8539,25050
2024-08-30,224306.0,226386.0,0.0,2080.0,2080.0,0.9273046641641328,1,PE,0.1091,0.0107,25200
2024-09-02,226386.0,228583.0,2197.0,0.0,2197.0,0.9704663715954166,1,CE,-0.2903,0.118,25300
2024-09-03,228583.0,229359.75,0.0,776.75,776.75,0.3398109220720701,1,PE,0.1074,-0.3787,25250
2024-09-04,229359.75,226967.75,-2392.0,0.0,-2392.0,-1.0429031248944072,1,CE,-0.4526,-0.0994,25100
2024-09-05,226967.75,229408.5,2440.75,0.0,2440.75,1.0753730430865178,1,CE,-1.1045,0.6014,25200
2024-09-06,229408.5,233113.5,3705.0,0.0,3705.0,1.6150229830193739,1,CE,-0.8274,1.2812,25050
2024-09-09,233113.5,236366.75,0.0,3253.25,3253.25,1.3955648214281884,1,PE,0.3252,-1.6014,24850
2024-09-10,236366.75,230331.5,-6035.25,0.0,-6035.25,-2.553341364637793,1,CE,-0.8391,0.7795,24950
2024-09-11,230331.5,223938.75,0.0,-6392.75,-6392.75,-2.7754562445866067,1,PE,0.5421,-0.4936,25050
2024-09-12,223938.75,219804.75,-4134.0,0.0,-4134.0,-1.8460404909824675,1,CE,0.1175,0.161,25050
2024-09-13,219804.75,220389.75,585.0,0.0,585.0,0.26614529485827765,1,CE,-0.5535,0.4705,25350
2024-09-16,220389.75,219717.0,0.0,-672.75,-672.75,-0.30525466815040175,1,PE,0.634,-0.9845,25450
2024-09-17,219717.0,220994.25,0.0,1277.25,1277.25,0.5813159655374869,1,PE,0.089,-0.3651,25400
2024-09-18,220994.25,213818.25,0.0,-7176.0,-7176.0,-3.247143308027245,1,PE,0.5107,-0.4661,25450
2024-09-19,213818.25,211263.75,0.0,-2554.5,-2554.5,-1.1947062516880576,1,PE,0.3225,-1.7991,25600
2024-09-20,211263.75,200012.25,-11251.5,0.0,-11251.5,-5.3258071959813265,1,CE,-1.0397,0.9447,25450
2024-09-23,200012.25,201640.5,0.0,1628.25,1628.25,0.8140751378978038,1,PE,0.2818,-0.2717,25900
2024-09-24,201640.5,202349.0,0.0,708.5,708.5,0.3513679047611963,1,PE,0.3497,-0.5347,25950
2024-09-25,202349.0,205459.25,0.0,3110.25,3110.25,1.5370720883226505,1,PE,0.0415,-0.3527,25950
2024-09-26,205459.25,209024.5,0.0,3565.25,3565.25,1.7352589382079415,1,PE,-0.0476,-0.1682,26050
2024-09-27,209024.5,209310.5,0.0,286.0,286.0,0.1368260658439561,1,PE,0.1776,-0.5697,26250
2024-09-30,209310.5,214738.0,5427.5,0.0,5427.5,2.5930376163642053,1,CE,-2.2682,1.1396,26000
2024-10-01,214738.0,218852.5,4114.5,0.0,4114.5,1.9160558447969152,1,CE,-0.8557,0.1989,25850
2024-10-03,218852.5,213181.25,0.0,-5671.25,-5671.25,-2.591357192629739,1,PE,1.9875,-2.0499,25650
2024-10-04,213181.25,207503.5,0.0,-5677.75,-5677.75,-2.663343985458383,1,PE,0.2935,0.0197,25200
2024-10-07,207503.5,215505.0,8001.5,0.0,8001.5,3.856079536007826,1,CE,-0.3758,0.3988,25050
2024-10-08,215505.0,212573.5,-2931.5,0.0,-2931.5,-1.3602932646574326,1,CE,-0.9009,-0.1956,24850
2024-10-09,212573.5,211302.75,0.0,-1270.75,-1270.75,-0.5977932338696968,1,PE,0.2477,0.1129,25100
2024-10-10,211302.75,206450.5,-4852.25,0.0,-4852.25,-2.2963496688992455,1,CE,-1.6302,-0.1593,25000
2024-10-11,206450.5,205075.75,0.0,-1374.75,-1374.75,-0.6658981208570577,1,PE,-0.3302,-0.5006,25000
2024-10-14,205075.75,206236.0,0.0,1160.25,1160.25,0.5657665521154989,1,PE,0.223,-0.6182,25100
2024-10-15,206236.0,210155.5,3919.5,0.0,3919.5,1.900492639500378,1,CE,-0.524,0.2858,25150
2024-10-16,210155.5,205199.25,0.0,-4956.25,-4956.25,-2.358372728765129,1,PE,1.4508,-1.5154,25050
2024-10-17,205199.25,208637.75,3438.5,0.0,3438.5,1.6756883858006306,1,CE,-4.0187,0.9521,24800
2024-10-18,208637.75,214377.25,0.0,5739.5,5739.5,2.7509403259956553,1,PE,0.728,-1.2423,24650
2024-10-21,214377.25,214972.0,594.75,0.0,594.75,0.27743149051496835,1,CE,-4.5799,3.391,24750
2024-10-22,214972.0,208407.0,0.0,-6565.0,-6565.0,-3.053886087490464,1,PE,0.4347,-0.9673,24850
2024-10-23,208407.0,211796.75,3389.75,0.0,3389.75,1.626504867878718,1,CE,-1.2562,1.1713,24400
2024-10-24,211796.75,211718.75,-78.0,0.0,-78.0,-0.036827760577062676,1,CE,-3.6131,0.8745,24350
2024-10-25,211718.75,217357.5,5638.75,0.0,5638.75,2.663321033210332,1,CE,-1.6444,1.3625,24350
2024-10-28,217357.5,206990.0,-10367.5,0.0,-10367.5,-4.769791702609756,1,CE,-1.6983,1.7635,24150
2024-10-29,206990.0,198819.5,-8170.5,0.0,-8170.5,-3.9472921397168945,1,CE,-1.4953,1.6139,24250
2024-10-30,198819.5,198731.75,0.0,-87.75,-87.75,-0.04413550984687116,1,PE,0.4905,-0.2481,24400
2024-10-31,198731.75,200870.25,2138.5,0.0,2138.5,1.076073652046037,1,CE,-1.8418,0.2446,24300
2024-11-04,200870.25,203506.0,2635.75,0.0,2635.75,1.3121654401286404,1,CE,-2.0823,1.4206,24050
2024-11-05,203506.0,196729.75,-6776.25,0.0,-6776.25,-3.32975440527552,1,CE,-1.0199,0.1295,23950
2024-11-06,196729.75,201929.75,0.0,5200.0,5200.0,2.6432199502108857,1,PE,0.4837,-3.1134,24350
2024-11-07,201929.75,204780.0,2850.25,0.0,2850.25,1.4115057340485986,1,CE,-2.4898,1.2054,24350
2024-11-08,204780.0,202748.75,0.0,-2031.25,-2031.25,-0.9919181560699286,1,PE,1.6208,-2.4547,24250
2024-11-11,202748.75,204624.0,0.0,1875.25,1875.25,0.9249132238793087,1,PE,1.3025,-2.189,24150
2024-11-12,204624.0,210152.25,5528.25,0.0,5528.25,2.7016625615763545,1,CE,-1.0578,1.4047,24150
2024-11-13,210152.25,216694.5,6542.25,0.0,6542.25,3.113100145251835,1,CE,-1.3494,1.4486,23750
2024-11-14,216694.5,220766.75,4072.25,0.0,4072.25,1.8792585875506762,1,CE,-1.6938,-0.3722,23550
2024-11-18,220766.75,218589.25,-2177.5,0.0,-2177.5,-0.9863351251943511,1,CE,-4.01,2.1183,23350
2024-11-19,218589.25,211215.0,0.0,-7374.25,-7374.25,-3.373564802477706,1,PE,2.0733,-2.6133,23700
2024-11-21,211215.0,212921.25,1706.25,0.0,1706.25,0.8078261487110291,1,CE,-3.0585,0.238,23350
2024-11-22,212921.25,218667.25,0.0,5746.0,5746.0,2.698650322595795,1,PE,1.5886,-0.9024,23450
2024-11-25,218667.25,219821.0,0.0,1153.75,1153.75,0.5276281656260826,1,PE,-0.005,-0.6814,24300
2024-11-26,219821.0,222729.75,2908.75,0.0,2908.75,1.323235723611484,1,CE,-0.5098,0.5113,24250
2024-11-27,222729.75,216701.0,-6028.75,0.0,-6028.75,-2.706755608534558,1,CE,-1.0196,0.3724,24200
2024-11-28,216701.0,220893.5,4192.5,0.0,4192.5,1.9346934255033432,1,CE,-0.7802,0.1962,24250
2024-11-29,220893.5,226366.5,0.0,5473.0,5473.0,2.477664575915543,1,PE,1.2338,-0.1795,24000
2024-12-02,226366.5,229626.25,0.0,3259.75,3259.75,1.440031983531132,1,PE,1.5641,-1.8469,24150
2024-12-03,229626.25,226187.75,-3438.5,0.0,-3438.5,-1.497433329159885,1,CE,-0.0081,0.1297,24300
2024-12-04,226187.75,217074.75,0.0,-9113.0,-9113.0,-4.028953822653968,1,PE,1.1786,-1.9325,24550
2024-12-05,217074.75,209336.5,-7738.25,0.0,-7738.25,-3.5647858629343117,1,CE,0.5957,1.1987,24500
2024-12-06,209336.5,212287.5,2951.0,0.0,2951.0,1.4096920508368105,1,CE,-0.372,-0.1932,24700
2024-12-09,212287.5,214975.25,2687.75,0.0,2687.75,1.2660896190307955,1,CE,-0.9603,0.5604,24650
2024-12-10,214975.25,213987.25,0.0,-988.0,-988.0,-0.459587789757193,1,PE,0.2262,-0.7725,24650
2024-12-11,213987.25,217022.75,0.0,3035.5,3035.5,1.4185424598895495,1,PE,-0.0219,-0.5863,24600
2024-12-12,217022.75,213948.25,0.0,-3074.5,-3074.5,-1.416671754458922,1,PE,0.3779,-0.4622,24650
2024-12-13,213948.25,202784.5,-11163.75,0.0,-11163.75,-5.217967429039499,1,CE,-2.1441,1.3059,24400
2024-12-16,202784.5,205209.0,2424.5,0.0,2424.5,1.1956042005182843,1,CE,0.4157,1.094,24750
2024-12-17,205209.0,211907.25,6698.25,0.0,6698.25,3.264111223191965,1,CE,-1.1898,0.4415,24550
2024-12-18,211907.25,203385.75,0.0,-8521.5,-8521.5,-4.021334805675596,1,PE,0.5237,-1.6492,24400
2024-12-19,203385.75,206496.0,0.0,3110.25,3110.25,1.5292369303159146,1,PE,-0.9217,-1.7517,23950
2024-12-20,206496.0,193476.5,0.0,-13019.5,-13019.5,-6.304964745079808,1,PE,2.6198,-2.7176,24050
2024-12-23,193476.5,195407.0,1930.5,0.0,1930.5,0.9977955979149923,1,CE,-1.3674,-0.1877,23750
2024-12-24,195407.0,196551.0,1144.0,0.0,1144.0,0.585444738417764,1,CE,-0.446,1.1798,23750
2024-12-26,196551.0,198900.75,2349.75,0.0,2349.75,1.1954912465466978,1,CE,-1.4543,-0.3474,23800
2024-12-27,198900.75,199378.5,0.0,477.75,477.75,0.24019517271805157,1,PE,-0.1925,-1.0469,23850
2024-12-30,199378.5,191074.75,-8303.75,0.0,-8303.75,-4.164817169353767,1,CE,-1.5352,0.7962,23750
2025-01-01,191074.75,181822.0,-9252.75,0.0,-9252.75,-4.8424765700334556,1,CE,-0.8104,0.6311,23600
2025-01-02,181822.0,187639.5,0.0,5817.5,5817.5,3.199557809286005,1,PE,0.4603,-1.3012,23850
2025-01-03,187639.5,191263.25,3623.75,0.0,3623.75,1.9312298316719028,1,CE,-1.5165,1.5755,24100
2025-01-06,191263.25,197262.75,5999.5,0.0,5999.5,3.1367761449206784,1,CE,-1.8395,2.7657,23950
2025-01-07,197262.75,197587.75,0.0,325.0,325.0,0.16475487642750594,1,PE,-0.0025,-1.268,23750
2025-01-08,197587.75,196999.5,-588.25,0.0,-588.25,-0.29771582499421145,1,CE,-0.8022,-0.5364,23650
2025-01-09,196999.5,199082.75,2083.25,0.0,2083.25,1.0574899936294255,1,CE,-0.8991,-0.08,23600
2025-01-10,199082.75,201341.5,2258.75,0.0,2258.75,1.1345784604643043,1,CE,-2.2832,2.5982,23450
2025-01-13,201341.5,199024.25,0.0,-2317.25,-2317.25,-1.1509053026822587,1,PE,-0.2834,-0.4951,23250
2025-01-14,199024.25,199108.75,84.5,0.0,84.5,0.04245713776085075,1,CE,-1.0798,1.0602,23200
2025-01-15,199108.75,200714.25,1605.5,0.0,1605.5,0.8063432671843904,1,CE,-1.1404,1.1074,23200
2025-01-16,200714.25,202635.0,1920.75,0.0,1920.75,0.9569574656507946,1,CE,-0.4163,-0.1795,23300
2025-01-17,202635.0,203584.0,0.0,949.0,949.0,0.4683297554716609,1,PE,-0.2566,-0.5537,23200
2025-01-20,203584.0,199888.75,-3695.25,0.0,-3695.25,-1.8150984360264066,1,CE,-0.3688,1.2035,23200
2025-01-21,199888.75,207107.0,7218.25,0.0,7218.25,3.611133693116796,1,CE,-0.4604,1.5908,23350
2025-01-22,207107.0,211510.75,0.0,4403.75,4403.75,2.1263163485541288,1,PE,-0.0302,-0.6099,23050
2025-01-23,211510.75,214019.75,0.0,2509.0,2509.0,1.1862281231568608,1,PE,1.2832,-2.0778,23200
2025-01-24,214019.75,219782.0,5762.25,0.0,5762.25,2.69239170684014,1,CE,-1.2139,1.393,23250
2025-01-27,219782.0,217175.5,0.0,-2606.5,-2606.5,-1.18594789382206,1,PE,1.5045,-0.8034,22950
2025-01-28,217175.5,214845.25,-2330.25,0.0,-2330.25,-1.0729801473923164,1,CE,-0.4865,1.7182,22900
2025-01-29,214845.25,217663.0,0.0,2817.75,2817.75,1.3115253886227414,1,PE,1.1766,0.777,23050
2025-01-30,217663.0,223656.0,0.0,5993.0,5993.0,2.753338877071436,1,PE,0.2474,-1.9074,23200
2025-01-31,223656.0,231950.0,0.0,8294.0,8294.0,3.7083735737024717,1,PE,0.7506,-0.5319,23350
2025-02-01,231950.0,235369.0,0.0,3419.0,3419.0,1.4740245742616942,1,PE,1.8927,-0.7569,23550
2025-02-03,235369.0,231950.0,-3419.0,0.0,-3419.0,-1.4526127060063134,1,CE,-0.6855,-0.2471,23250
2025-02-04,231950.0,237761.0,0.0,5811.0,5811.0,2.50528131062729,1,PE,2.5665,0.3449,23550
2025-02-05,237761.0,234455.75,0.0,-3305.25,-3305.25,-1.3901565016970823,1,PE,0.0406,-0.6378,23800
2025-02-06,234455.75,237787.0,3331.25,0.0,3331.25,1.4208438052809538,1,CE,-1.0973,1.5042,23650
2025-02-07,237787.0,239841.0,0.0,2054.0,2054.0,0.8637982732445424,1,PE,-0.2403,-0.3047,23600
2025-02-10,239841.0,241394.5,1553.5,0.0,1553.5,0.6477207816845327,1,CE,-1.9735,0.8532,23400
2025-02-11,241394.5,247533.75,6139.25,0.0,6139.25,2.5432435287465123,1,CE,-0.6391,-0.5147,23350
2025-02-12,247533.75,240101.0,-7432.75,0.0,-7432.75,-3.0027218510607137,1,CE,-3.7574,1.4198,22900
2025-02-13,240101.0,243325.0,0.0,3224.0,3224.0,1.3427682516940787,1,PE,0.8556,-1.1479,23100
2025-02-14,243325.0,247468.75,4143.75,0.0,4143.75,1.7029692797698552,1,CE,-1.2346,1.2173,23050
2025-02-17,247468.75,242103.0,-5365.75,0.0,-5365.75,-2.1682535673696175,1,CE,-0.6075,0.2011,22800
2025-02-18,242103.0,243741.0,1638.0,0.0,1638.0,0.676571541864413,1,CE,-0.8838,0.1375,22950
2025-02-19,243741.0,245018.25,0.0,1277.25,1277.25,0.5240193484067104,1,PE,0.3628,-1.4864,22900
2025-02-20,245018.25,247806.75,0.0,2788.5,2788.5,1.1380784900716578,1,PE,-0.1023,-0.9867,22850
2025-02-21,247806.75,250374.25,2567.5,0.0,2567.5,1.0360896141852471,1,CE,-0.9607,0.3516,22850
2025-02-24,250374.25,251983.0,1608.75,0.0,1608.75,0.6425381204337107,1,CE,-1.7018,0.809,22600
2025-02-25,251983.0,252386.0,0.0,403.0,403.0,0.15993142394526616,1,PE,0.4812,-1.236,22600
2025-02-27,252386.0,253887.5,1501.5,0.0,1501.5,0.5949220638228745,1,CE,-1.3071,0.2326,22550
2025-02-28,253887.5,258252.25,4364.75,0.0,4364.75,1.7191669538673626,1,CE,-2.7791,1.0845,22250
2025-03-03,258252.25,259305.25,1053.0,0.0,1053.0,0.40774088125079255,1,CE,-1.555,0.6592,22100
2025-03-04,259305.25,260576.0,0.0,1270.75,1270.75,0.49005949551734873,1,PE,1.1233,-1.0398,22000
2025-03-05,260576.0,263296.25,0.0,2720.25,2720.25,1.0439372774161857,1,PE,1.6123,-2.5597,22250
2025-03-06,263296.25,257264.25,-6032.0,0.0,-6032.0,-2.290955530130034,1,CE,-3.2515,1.6638,22300
2025-03-07,257264.25,256178.75,-1085.5,0.0,-1085.5,-0.4219396981897018,1,CE,-0.9099,0.3187,22500
2025-03-10,256178.75,249503.25,0.0,-6675.5,-6675.5,-2.6057977096070615,1,PE,1.0034,-1.8705,22650
2025-03-11,249503.25,252590.75,0.0,3087.5,3087.5,1.2374588306965941,1,PE,1.0358,-1.1916,22350
2025-03-12,252590.75,253182.25,591.5,0.0,591.5,0.23417326248091033,1,CE,-1.8588,0.7872,22450
2025-03-13,253182.25,250228.0,0.0,-2954.25,-2954.25,-1.1668472019661726,1,PE,-0.3214,-0.8317,22500
2025-03-17,250228.0,248817.5,0.0,-1410.5,-1410.5,-0.5636859184423806,1,PE,1.1888,-1.1761,22550
2025-03-18,248817.5,252493.25,0.0,3675.75,3675.75,1.4772875702070796,1,PE,1.8575,-1.322,22650
2025-03-19,252493.25,250367.75,-2125.5,0.0,-2125.5,-0.841804681907338,1,CE,-0.7805,0.3444,22850
2025-03-20,250367.75,253101.0,0.0,2733.25,2733.25,1.091694117952492,1,PE,0.5231,-1.313,23050
2025-03-21,253101.0,255239.5,0.0,2138.5,2138.5,0.8449196170698654,1,PE,1.6906,-1.9362,23250
2025-03-24,255239.5,246880.5,-8359.0,0.0,-8359.0,-3.2749633187653164,1,CE,-0.3912,1.0939,23500
2025-03-25,246880.5,245577.25,0.0,-1303.25,-1303.25,-0.5278869736572958,1,PE,0.7549,-2.0563,23800
2025-03-26,245577.25,250523.75,4946.5,0.0,4946.5,2.014233810338702,1,CE,-1.3871,0.3193,23600
2025-03-27,250523.75,253013.25,0.0,2489.5,2489.5,0.9937181604538492,1,PE,0.3305,-1.9191,23550
2025-03-28,253013.25,255574.25,2561.0,0.0,2561.0,1.0121999539549806,1,CE,-3.1757,1.4565,23500
2025-04-01,255574.25,248229.25,0.0,-7345.0,-7345.0,-2.8739202012722327,1,PE,1.9436,-2.7013,23550
2025-04-02,248229.25,251755.5,0.0,3526.25,3526.25,1.4205618395092439,1,PE,1.5784,-1.2499,23200
2025-04-03,251755.5,254680.5,0.0,2925.0,2925.0,1.1618415486454121,1,PE,-0.1873,-1.6151,23250
2025-04-04,254680.5,249760.0,0.0,-4920.5,-4920.5,-1.9320285612757944,1,PE,0.3147,-0.9715,23050
2025-04-07,249760.0,250000.5,0.0,240.5,240.5,0.09629244074311338,1,PE,-0.3912,-2.3807,22000
2025-04-08,250000.5,248427.5,-1573.0,0.0,-1573.0,-0.6291987416025168,1,CE,-2.1106,-0.0325,22500
2025-04-09,248427.5,252330.75,3903.25,0.0,3903.25,1.5711827394310212,1,CE,-2.136,-2.0812,22450
2025-04-11,252330.75,251014.5,0.0,-1316.25,-1316.25,-0.5216367802972884,1,PE,2.055,-1.3581,22850
2025-04-15,251014.5,252925.5,0.0,1911.0,1911.0,0.7613106015787933,1,PE,-0.3644,-1.1571,23300
2025-04-16,252925.5,253510.5,0.0,585.0,585.0,0.2312934045796094,1,PE,1.3312,-1.6061,23350
2025-04-17,253510.5,256724.75,0.0,3214.25,3214.25,1.2678962015380035,1,PE,0.7575,-0.2837,23400
2025-04-21,256724.75,262513.0,0.0,5788.25,5788.25,2.2546521128173267,1,PE,1.0824,-1.7681,24000
2025-04-22,262513.0,263390.5,0.0,877.5,877.5,0.3342691600035046,1,PE,0.8323,-1.5988,24150
2025-04-23,263390.5,264924.5,1534.0,0.0,1534.0,0.5824052120330839,1,CE,-0.6035,1.0095,24350
2025-04-24,264924.5,267388.0,2463.5,0.0,2463.5,0.9298875717421379,1,CE,-0.0399,-0.0293,24250
2025-04-25,267388.0,273741.75,6353.75,0.0,6353.75,2.376228551767469,1,CE,-2.6252,1.8038,24200
2025-04-28,273741.75,277619.0,0.0,3877.25,3877.25,1.4163897176809894,1,PE,1.7965,-2.8698,24200
2025-04-29,277619.0,280950.25,3331.25,0.0,3331.25,1.1999358833509233,1,CE,-1.7484,1.4921,24350
2025-04-30,280950.25,278259.25,0.0,-2691.0,-2691.0,-0.9578208241494712,1,PE,0.5841,-2.0569,24350
2025-05-02,278259.25,267001.25,0.0,-11258.0,-11258.0,-4.045867298212009,1,PE,2.7932,-3.8146,24550
2025-05-05,267001.25,268574.25,1573.0,0.0,1573.0,0.5891358186525344,1,CE,-0.1697,-0.1104,24450
2025-05-06,268574.25,264459.75,0.0,-4114.5,-4114.5,-1.5319785869270788,1,PE,-0.6373,-0.7955,24450
2025-05-07,264459.75,266016.5,0.0,1556.75,1556.75,0.5886529046480609,1,PE,1.3385,-1.1576,24400
2025-05-08,266016.5,266868.0,851.5,0.0,851.5,0.32009292656658517,1,CE,-0.6209,0.3694,24400
2025-05-09,266868.0,271226.25,4358.25,0.0,4358.25,1.6331107513827061,1,CE,-1.1937,-0.1166,24100
2025-05-12,271226.25,275321.25,0.0,4095.0,4095.0,1.509809614666722,1,PE,1.4855,-1.0869,24600
2025-05-13,275321.25,282796.25,7475.0,0.0,7475.0,2.7150101926385997,1,CE,-2.7023,1.6122,24750
2025-05-14,282796.25,279364.25,0.0,-3432.0,-3432.0,-1.213594593280498,1,PE,0.513,-1.7184,24750
2025-05-15,279364.25,274343.0,-5021.25,0.0,-5021.25,-1.7973845973491598,1,CE,-2.567,0.6003,24500
2025-05-16,274343.0,274573.75,230.75,0.0,230.75,0.0841100374348899,1,CE,-0.7647,-0.2604,25000
2025-05-19,274573.75,277554.0,2980.25,0.0,2980.25,1.0854096576967027,1,CE,-0.5204,-0.1326,25000
2025-05-20,277554.0,282507.0,4953.0,0.0,4953.0,1.784517607384509,1,CE,-1.4612,0.5329,24900
2025-05-21,282507.0,282013.0,0.0,-494.0,-494.0,-0.17486292375056195,1,PE,2.2706,-1.6062,24800
2025-05-22,282013.0,285357.25,3344.25,0.0,3344.25,1.1858495884941473,1,CE,-3.2753,-0.4275,24550
2025-05-23,285357.25,287086.25,0.0,1729.0,1729.0,0.6059071567307297,1,PE,2.6118,-2.5336,24750
2025-05-26,287086.25,284678.0,0.0,-2408.25,-2408.25,-0.8388594020089781,1,PE,0.8388,-1.1413,25050
2025-05-27,284678.0,284892.5,214.5,0.0,214.5,0.07534828824145175,1,CE,-1.0,0.7591,24800
2025-05-28,284892.5,290248.5,5356.0,0.0,5356.0,1.880007371201418,1,CE,-2.1941,-0.6297,24800
2025-05-29,290248.5,293310.0,3061.5,0.0,3061.5,1.054785812846578,1,CE,-2.2411,0.0986,24800
2025-05-30,293310.0,290599.5,0.0,-2710.5,-2710.5,-0.9241075994681396,1,PE,0.3259,-0.0558,24850
2025-06-02,290599.5,282971.75,-7627.75,0.0,-7627.75,-2.624832458417857,1,CE,-1.4392,-0.9374,24550
2025-06-03,282971.75,290294.0,7322.25,0.0,7322.25,2.587625796568032,1,CE,-0.9057,1.1475,24650
2025-06-04,290294.0,288743.75,-1550.25,0.0,-1550.25,-0.5340275720476483,1,CE,-1.8116,-0.0482,24550
2025-06-05,288743.75,291870.25,0.0,3126.5,3126.5,1.082793999870127,1,PE,1.4622,-3.6042,24750
2025-06-06,291870.25,279530.0,-12340.25,0.0,-12340.25,-4.2279917189230485,1,CE,-1.2626,1.2383,24700
2025-06-09,279530.0,280638.25,1108.25,0.0,1108.25,0.3964690730869674,1,CE,-0.648,0.343,25100
2025-06-10,280638.25,282988.0,2349.75,0.0,2349.75,0.8372878607958822,1,CE,-0.723,0.275,25100
2025-06-11,282988.0,283417.0,0.0,429.0,429.0,0.15159653412865562,1,PE,0.0413,-0.5989,25100
2025-06-12,283417.0,286673.5,3256.5,0.0,3256.5,1.1490136442062402,1,CE,-0.1137,0.5543,25100
2025-06-13,286673.5,288786.0,0.0,2112.5,2112.5,0.7369010389868613,1,PE,-0.2073,-1.042,24600
2025-06-16,288786.0,280433.5,-8352.5,0.0,-8352.5,-2.892280096680587,1,CE,-0.903,-0.0713,24750
2025-06-17,280433.5,282253.5,1820.0,0.0,1820.0,0.6489952163347104,1,CE,-1.2066,0.064,24900
2025-06-18,282253.5,275480.5,0.0,-6773.0,-6773.0,-2.399615948075046,1,PE,1.9891,-2.7246,24950
2025-06-19,275480.5,274785.0,0.0,-695.5,-695.5,-0.25246796052715165,1,PE,0.1054,-2.7776,24850
2025-06-20,274785.0,265785.75,-8999.25,0.0,-8999.25,-3.2750150117364485,1,CE,-0.4756,-0.2745,24900
2025-06-23,265785.75,261021.25,-4764.5,0.0,-4764.5,-1.792609272694266,1,CE,-1.9394,1.4476,24850
2025-06-24,261021.25,265077.25,4056.0,0.0,4056.0,1.5538964739460868,1,CE,-1.7884,1.1731,25150
2025-06-25,265077.25,267105.25,0.0,2028.0,2028.0,0.7650599966613506,1,PE,0.9153,-1.2029,25200
2025-06-26,267105.25,270098.5,0.0,2993.25,2993.25,1.120625670966782,1,PE,1.5268,-0.8366,25350
2025-06-27,270098.5,267755.25,-2343.25,0.0,-2343.25,-0.8675538738645346,1,CE,-0.9892,0.8066,25550
2025-06-30,267755.25,270660.75,2905.5,0.0,2905.5,1.0851327845112282,1,CE,-0.6844,0.6544,25600
2025-07-01,270660.75,271778.75,0.0,1118.0,1118.0,0.41306321659124934,1,PE,0.3885,-1.7005,25600
2025-07-02,271778.75,274629.0,2850.25,0.0,2850.25,1.048739093840118,1,CE,-1.0045,0.5491,25550
2025-07-03,274629.0,270755.0,-3874.0,0.0,-3874.0,-1.410630341296804,1,CE,-0.8809,0.0082,25500
2025-07-04,270755.0,269715.0,-1040.0,0.0,-1040.0,-0.3841110967479825,1,CE,-0.8851,0.3564,25400
2025-07-07,269715.0,270033.5,0.0,318.5,318.5,0.11808761099679291,1,PE,0.8064,-0.9466,25450
2025-07-08,270033.5,272337.75,0.0,2304.25,2304.25,0.8533200510307055,1,PE,0.1274,-0.8104,25450
2025-07-09,272337.75,272643.25,305.5,0.0,305.5,0.11217688330024023,1,CE,-0.4374,-0.1426,25500
2025-07-10,272643.25,275103.5,2460.25,0.0,2460.25,0.9023696717230301,1,CE,-0.7884,0.5909,25450
2025-07-11,275103.5,270319.5,0.0,-4784.0,-4784.0,-1.738981874094659,1,PE,0.3622,-0.749,25300
2025-07-14,270319.5,270059.5,-260.0,0.0,-260.0,-0.09618248036120221,1,CE,-0.4606,0.2666,25100
2025-07-15,270059.5,266549.5,-3510.0,0.0,-3510.0,-1.2997135816366392,1,CE,-1.0297,0.37,25100
2025-07-16,266549.5,264677.5,-1872.0,0.0,-1872.0,-0.702308576830945,1,CE,-0.0705,0.0101,25150
2025-07-17,264677.5,266484.5,1807.0,0.0,1807.0,0.6827176469477005,1,CE,-0.7807,0.3308,25200
2025-07-18,266484.5,268489.75,2005.25,0.0,2005.25,0.7524827898057861,1,CE,-0.7002,0.3583,25050
2025-07-21,268489.75,263689.5,-4800.25,0.0,-4800.25,-1.7878708591296315,1,CE,-0.5001,0.2983,24950
2025-07-22,263689.5,265837.75,2148.25,0.0,2148.25,0.814689246253643,1,CE,-1.022,0.5282,25100
2025-07-23,265837.75,261372.25,-4465.5,0.0,-4465.5,-1.6797840035886553,1,CE,-0.4894,0.3344,25100
2025-07-24,261372.25,263007.0,1634.75,0.0,1634.75,0.6254489525953884,1,CE,-0.6224,0.0845,25200
2025-07-25,263007.0,260621.5,0.0,-2385.5,-2385.5,-0.907010079579631,1,PE,0.451,-0.3606,24900
2025-07-28,260621.5,256409.5,0.0,-4212.0,-4212.0,-1.616136811429602,1,PE,1.6064,-1.6833,24800
2025-07-29,256409.5,260033.25,0.0,3623.75,3623.75,1.413266669136674,1,PE,0.6064,-0.9008,24700
2025-07-30,260033.25,261248.75,0.0,1215.5,1215.5,0.467440221587047,1,PE,0.7593,-0.9054,24850
2025-07-31,261248.75,264011.25,0.0,2762.5,2762.5,1.0574213273747721,1,PE,-0.1634,-0.8199,24700
2025-08-01,264011.25,258122.25,0.0,-5889.0,-5889.0,-2.230586764768547,1,PE,0.2313,-0.1418,24700
2025-08-04,258122.25,262669.0,0.0,4546.75,4546.75,1.7614715507864975,1,PE,0.0446,-0.0338,24600
2025-08-05,262669.0,263159.75,490.75,0.0,490.75,0.186832096669192,1,CE,-1.3426,1.0926,24600
2025-08-06,263159.75,266640.5,3480.75,0.0,3480.75,1.3226756751364903,1,CE,-0.3571,0.4218,24600
2025-08-07,266640.5,263618.0,0.0,-3022.5,-3022.5,-1.1335487294690791,1,PE,-0.4151,-0.4924,24500
2025-08-08,263618.0,267189.75,3571.75,0.0,3571.75,1.3548960996593555,1,CE,-1.6218,1.3296,24500
2025-08-11,267189.75,261323.5,-5866.25,0.0,-5866.25,-2.1955370668223613,1,CE,-0.0947,0.076,24400
2025-08-12,261323.5,255515.75,0.0,-5807.75,-5807.75,-2.222436941185925,1,PE,1.0037,-1.5242,24650
2025-08-13,255515.75,257579.5,0.0,2063.75,2063.75,0.8076801527890161,1,PE,0.1378,-0.2912,24600
2025-08-14,257579.5,259510.0,0.0,1930.5,1930.5,0.7494773458291518,1,PE,-0.0197,-0.603,24650
2025-08-18,259510.0,257764.75,0.0,-1745.25,-1745.25,-0.6725174367076413,1,PE,1.0776,-1.3933,25000
2025-08-19,257764.75,254394.5,-3370.25,0.0,-3370.25,-1.3074906479648594,1,CE,-0.7653,0.1224,24900
2025-08-20,254394.5,256698.75,0.0,2304.25,2304.25,0.905778230268343,1,PE,0.0153,-0.2757,24950
2025-08-21,256698.75,253708.75,-2990.0,0.0,-2990.0,-1.1647894662517835,1,CE,-0.8332,0.0925,25050
2025-08-22,253708.75,256451.75,2743.0,0.0,2743.0,1.081160976907576,1,CE,-1.0359,1.4038,25000
2025-08-25,256451.75,257257.75,0.0,806.0,806.0,0.3142891401598936,1,PE,0.7328,-1.3217,24950
2025-08-26,257257.75,259094.0,1836.25,0.0,1836.25,0.7137783021114038,1,CE,-2.5546,1.2147,24750
2025-08-28,259094.0,255213.5,-3880.5,0.0,-3880.5,-1.497718974580654,1,CE,-0.3669,0.0114,24600
2025-08-29,255213.5,258554.5,3341.0,0.0,3341.0,1.3091000280157594,1,CE,-1.278,0.3779,24500
2025-09-01,258554.5,260325.75,0.0,1771.25,1771.25,0.6850586626804019,1,PE,0.0448,-0.5726,24550
2025-09-02,260325.75,257803.75,0.0,-2522.0,-2522.0,-0.9687862226460502,1,PE,0.1656,-1.0016,24700
2025-09-03,257803.75,261388.5,0.0,3584.75,3584.75,1.3904956774290522,1,PE,-0.2586,-0.4278,24550
2025-09-04,261388.5,255005.5,0.0,-6383.0,-6383.0,-2.441958999726461,1,PE,0.6779,-1.1761,24900
2025-09-05,255005.5,255727.0,721.5,0.0,721.5,0.28293507394938544,1,CE,-0.7565,0.2562,24750
2025-09-08,255727.0,254661.0,0.0,-1066.0,-1066.0,-0.4168507822795403,1,PE,0.68,-1.267,24850
2025-09-09,254661.0,257456.0,2795.0,0.0,2795.0,1.0975375106514151,1,CE,-0.2676,-0.1428,24850
2025-09-10,257456.0,257563.25,0.0,107.25,107.25,0.041657603629358025,1,PE,1.1199,-0.8403,25000
2025-09-11,257563.25,256861.25,-702.0,0.0,-702.0,-0.2725544113921532,1,CE,-0.1796,0.0276,25000
2025-09-12,256861.25,254813.75,-2047.5,0.0,-2047.5,-0.7971229603531089,1,CE,-0.4059,0.1676,25050
2025-09-15,254813.75,255850.5,1036.75,0.0,1036.75,0.40686579903949455,1,CE,-0.4491,0.2565,25100
2025-09-16,255850.5,258167.75,0.0,2317.25,2317.25,0.9057046986423712,1,PE,0.6056,-1.0095,25150
2025-09-17,258167.75,258554.5,0.0,386.75,386.75,0.1498056980393562,1,PE,0.5636,-0.6798,25300
2025-09-18,258554.5,259276.0,0.0,721.5,721.5,0.2790514185597234,1,PE,0.1689,-0.2086,25400
2025-09-19,259276.0,259100.5,-175.5,0.0,-175.5,-0.06768848640059243,1,CE,-0.8316,1.2297,25350
2025-09-22,259100.5,256120.25,0.0,-2980.25,-2980.25,-1.1502293511591062,1,PE,1.583,-1.3473,25300
2025-09-23,256120.25,252532.25,-3588.0,0.0,-3588.0,-1.4009044579645695,1,CE,-2.3809,1.2072,25150
2025-09-24,252532.25,252828.0,295.75,0.0,295.75,0.11711375477785511,1,CE,-0.8364,0.3256,25050
2025-09-25,252828.0,249110.0,0.0,-3718.0,-3718.0,-1.4705649690698814,1,PE,-0.0179,-0.1965,25050
2025-09-26,249110.0,253309.0,4199.0,0.0,4199.0,1.685600738629521,1,CE,-1.0754,0.466,24800
2025-09-29,253309.0,250081.75,0.0,-3227.25,-3227.25,-1.274036848276216,1,PE,0.7947,-1.2911,24750
2025-09-30,250081.75,252997.0,2915.25,0.0,2915.25,1.1657188099491467,1,CE,-1.775,1.0056,24650
2025-10-01,252997.0,257647.75,0.0,4650.75,4650.75,1.838262904303213,1,PE,0.7786,-1.2175,24700
2025-10-03,257647.75,254635.0,-3012.75,0.0,-3012.75,-1.1693290548821016,1,CE,-0.286,0.0076,24800
2025-10-06,254635.0,257407.25,0.0,2772.25,2772.25,1.0887152198244547,1,PE,0.0689,-0.4206,24950
2025-10-07,257407.25,259464.5,0.0,2057.25,2057.25,0.7992199131920332,1,PE,0.3527,-1.2508,25150
2025-10-08,259464.5,253890.75,0.0,-5573.75,-5573.75,-2.148174413069996,1,PE,0.9653,-0.8679,25150
2025-10-09,253890.75,257101.75,0.0,3211.0,3211.0,1.2647172061211367,1,PE,0.1334,-0.2265,25050
2025-10-10,257101.75,258632.5,0.0,1530.75,1530.75,0.5953868458693883,1,PE,0.8982,-1.2374,25300
2025-10-13,258632.5,258889.25,256.75,0.0,256.75,0.09927213323924874,1,CE,-0.6433,0.3691,25200
2025-10-14,258889.25,261794.75,2905.5,0.0,2905.5,1.122294571906713,1,CE,-0.9716,0.5378,25250
2025-10-15,261794.75,257959.75,-3835.0,0.0,-3835.0,-1.4648880468382197,1,CE,-0.5561,0.1461,25250
2025-10-16,257959.75,260582.5,0.0,2622.75,2622.75,1.0167283849515283,1,PE,-0.0566,-0.1385,25450
2025-10-17,260582.5,263104.5,0.0,2522.0,2522.0,0.9678316847831301,1,PE,1.7321,-1.5249,25600
2025-10-20,263104.5,266370.75,3266.25,0.0,3266.25,1.241426885515071,1,CE,-1.5444,1.2786,25850
2025-10-23,266370.75,260585.75,0.0,-5785.0,-5785.0,-2.1717850026701506,1,PE,1.6793,-1.0984,26100
2025-10-24,260585.75,254098.75,0.0,-6487.0,-6487.0,-2.489391687764968,1,PE,0.9871,-0.5667,25900
2025-10-27,254098.75,254966.5,0.0,867.75,867.75,0.34150108963542714,1,PE,1.9163,-1.1758,25950
2025-10-28,254966.5,252074.0,0.0,-2892.5,-2892.5,-1.134462762755107,1,PE,1.1845,-1.1834,26000
2025-10-29,252074.0,249295.25,-2778.75,0.0,-2778.75,-1.1023548640478589,1,CE,-0.7203,0.3416,26000
2025-10-30,249295.25,250605.0,1309.75,0.0,1309.75,0.5253810491776317,1,CE,-1.8695,1.4423,25900
2025-10-31,250605.0,245112.5,0.0,-5492.5,-5492.5,-2.1916960954490134,1,PE,2.2921,-1.7951,25900
2025-11-03,245112.5,246896.75,0.0,1784.25,1784.25,0.727931052067928,1,PE,0.6525,-1.1316,25750
2025-11-04,246896.75,250104.5,3207.75,0.0,3207.75,1.2992273085814212,1,CE,-1.8236,0.8266,25700
2025-11-06,250104.5,254745.5,4641.0,0.0,4641.0,1.8556243490221087,1,CE,-1.5314,0.8763,25600
2025-11-07,254745.5,247137.25,-7608.25,0.0,-7608.25,-2.9866082030889656,1,CE,-0.6922,0.4301,25350
2025-11-10,247137.25,245717.0,-1420.25,0.0,-1420.25,-0.5746806683330821,1,CE,-0.2187,-0.0543,25550
2025-11-11,245717.0,243126.75,-2590.25,0.0,-2590.25,-1.0541598668386802,1,CE,-1.2974,0.7657,25550
2025-11-12,243126.75,241765.0,-1361.75,0.0,-1361.75,-0.5600987962040376,1,CE,-0.3942,0.2423,25850
2025-11-13,241765.0,242041.25,0.0,276.25,276.25,0.11426385126052158,1,PE,0.2071,-0.126,25850
2025-11-14,242041.25,244124.5,0.0,2083.25,2083.25,0.860700397143049,1,PE,1.3449,-1.5293,25850
2025-11-17,244124.5,245385.5,0.0,1261.0,1261.0,0.5165397164151898,1,PE,0.5079,-0.7213,25950
2025-11-18,245385.5,248118.75,0.0,2733.25,2733.25,1.1138596208822444,1,PE,-0.2698,-0.3099,25950
2025-11-19,248118.75,251232.25,0.0,3113.5,3113.5,1.2548426912516688,1,PE,0.2267,-0.5075,25900
2025-11-20,251232.25,246721.25,-4511.0,0.0,-4511.0,-1.7955497353544378,1,CE,-0.0746,0.2345,26100
2025-11-21,246721.25,248326.75,1605.5,0.0,1605.5,0.6507343814122213,1,CE,-0.2094,0.0087,26100
2025-11-24,248326.75,251934.25,3607.5,0.0,3607.5,1.45272307554462,1,CE,-0.8996,0.4317,26050
2025-11-25,251934.25,254173.5,0.0,2239.25,2239.25,0.8888231750942953,1,PE,0.3043,-0.5895,25950
2025-11-26,254173.5,244088.75,-10084.75,0.0,-10084.75,-3.9676638201858174,1,CE,-0.1513,-0.0483,26050
2025-11-27,244088.75,247832.75,3744.0,0.0,3744.0,1.5338683163398559,1,CE,-0.1972,0.2664,26250
2025-11-28,247832.75,248434.0,0.0,601.25,601.25,0.24260312650366023,1,PE,-0.0542,-0.2405,26200
2025-12-01,248434.0,251758.75,3324.75,0.0,3324.75,1.338283004741702,1,CE,-0.1072,-0.0223,26300
2025-12-02,251758.75,251758.75,0.0,0.0,0.0,0.0,1,PE,-0.0281,-0.0286,26100
2025-12-03,251758.75,251160.75,-598.0,0.0,-598.0,-0.2375289836003714,1,CE,-2.0004,1.66,25950
2025-12-04,251160.75,252256.0,0.0,1095.25,1095.25,0.43607530237109104,1,PE,0.0298,-0.0209,26050
2025-12-05,252256.0,256182.0,0.0,3926.0,3926.0,1.5563554484333375,1,PE,-0.1279,-0.132,26050
2025-12-08,256182.0,261271.5,5089.5,0.0,5089.5,1.9866735367824437,1,CE,-1.0794,0.572,26100
2025-12-09,261271.5,256854.75,-4416.75,0.0,-4416.75,-1.6904828884895597,1,CE,-2.0772,1.1116,25750
2025-12-10,256854.75,251547.5,0.0,-5307.25,-5307.25,-2.0662456115761922,1,PE,1.1034,-1.3288,25900
2025-12-11,251547.5,242382.5,-9165.0,0.0,-9165.0,-3.6434470626819984,1,CE,-1.4411,0.8951,25700
2025-12-12,242382.5,243370.5,0.0,988.0,988.0,0.4076201871009664,1,PE,0.9329,-0.7509,26000
2025-12-15,243370.5,239327.5,-4043.0,0.0,-4043.0,-1.6612531099701895,1,CE,-0.8005,0.5422,25900
2025-12-16,239327.5,241329.5,2002.0,0.0,2002.0,0.8365106391868884,1,CE,-0.3573,0.0203,25950
2025-12-17,241329.5,239672.0,0.0,-1657.5,-1657.5,-0.6868203017036872,1,PE,0.258,-0.2846,25900
2025-12-18,239672.0,237790.25,-1881.75,0.0,-1881.75,-0.7851355185420075,1,CE,-0.4977,0.2212,25750
2025-12-19,237790.25,238515.0,0.0,724.75,724.75,0.30478541487718697,1,PE,0.7966,-0.7228,25950
2025-12-22,238515.0,239811.75,0.0,1296.75,1296.75,0.5436764983334381,1,PE,0.0148,-0.2894,26150
2025-12-23,239811.75,237998.25,-1813.5,0.0,-1813.5,-0.7562181586181662,1,CE,-0.9286,0.4076,26150
2025-12-24,237998.25,236584.5,0.0,-1413.75,-1413.75,-0.5940169728138757,1,PE,0.5241,-0.8358,26200
2025-12-26,236584.5,238170.5,1586.0,0.0,1586.0,0.6703735874497273,1,CE,-0.8165,0.3129,26100
2025-12-29,238170.5,234553.25,0.0,-3617.25,-3617.25,-1.5187649184092908,1,PE,0.3884,-0.8933,26100
2025-12-30,234553.25,237091.5,0.0,2538.25,2538.25,1.0821636451424144,1,PE,0.5861,-0.9261,25950
2026-01-01,237091.5,238232.25,1140.75,0.0,1140.75,0.48114335604608344,1,CE,-0.2109,-0.0459,26150
2026-01-02,238232.25,240042.5,0.0,1810.25,1810.25,0.7598677341124049,1,PE,1.0635,-0.983,26250
2026-01-05,240042.5,236789.25,-3253.25,0.0,-3253.25,-1.3552808356853474,1,CE,-1.3648,0.8633,26300
2026-01-06,236789.25,239145.5,2356.25,0.0,2356.25,0.9950831805075611,1,CE,-0.5258,0.1264,26200
2026-01-07,239145.5,240354.5,0.0,1209.0,1209.0,0.5055499685338005,1,PE,0.0477,-0.0093,26100
2026-01-08,240354.5,243932.75,3578.25,0.0,3578.25,1.4887385091604275,1,CE,-0.4602,0.4422,26100
2026-01-09,243932.75,248817.5,4884.75,0.0,4884.75,2.0024986394815785,1,CE,-1.1823,0.8585,25850
2026-01-12,248817.5,240312.25,-8505.25,0.0,-8505.25,-3.4182684095773004,1,CE,-1.217,0.7351,25550
2026-01-13,240312.25,243988.0,3675.75,0.0,3675.75,1.5295724624941092,1,CE,-2.599,2.219,25750
2026-01-14,243988.0,243432.25,0.0,-555.75,-555.75,-0.22777759561945668,1,PE,0.2412,-0.5434,25700
2026-01-16,243432.25,244810.25,1378.0,0.0,1378.0,0.5660712580194284,1,CE,-0.4893,-0.1322,25700
2026-01-19,244810.25,245336.75,526.5,0.0,526.5,0.21506452446333435,1,CE,-0.343,-0.0866,25550
2026-01-20,245336.75,248869.5,3532.75,0.0,3532.75,1.4399595657805038,1,CE,-2.181,1.3097,25450
2026-01-21,248869.5,251716.5,2847.0,0.0,2847.0,1.1439730461145299,1,CE,-0.8745,-0.1476,25200
2026-01-22,251716.5,243221.0,0.0,-8495.5,-8495.5,-3.3750270641773583,1,PE,2.3956,-1.532,25400
2026-01-23,243221.0,236646.25,0.0,-6574.75,-6574.75,-2.703199970397293,1,PE,-0.1836,-0.2404,25250
2026-01-27,236646.25,231062.75,0.0,-5583.5,-5583.5,-2.3594288943940587,1,PE,0.7987,-2.8664,25150
2026-01-28,231062.75,231095.25,32.5,0.0,32.5,0.014065443261624818,1,CE,-1.0931,0.4256,25300
2026-01-29,231095.25,222681.0,-8414.25,0.0,-8414.25,-3.6410311332664778,1,CE,-1.3199,0.8125,25200
2026-01-30,222681.0,225060.0,0.0,2379.0,2379.0,1.0683444029800477,1,PE,0.6661,-0.5218,25300
2026-02-01,225060.0,210444.75,0.0,-14615.25,-14615.25,-6.49393495067982,1,PE,0.3941,-0.4954,25350
2026-02-02,210444.75,219658.5,0.0,9213.75,9213.75,4.378227539532348,1,PE,1.0023,-2.2869,24900
2026-02-03,219658.5,225134.75,5476.25,0.0,5476.25,2.4930744769722093,1,CE,-3.1549,-1.0108,25700
2026-02-04,225134.75,226246.25,0.0,1111.5,1111.5,0.4937043259647833,1,PE,0.8893,-1.5014,25800
2026-02-05,226246.25,227452.0,1205.75,0.0,1205.75,0.5329370100056907,1,CE,-1.1651,0.6475,25650
2026-02-06,227452.0,224218.25,-3233.75,0.0,-3233.75,-1.421728540527232,1,CE,-1.3811,0.5413,25550
2026-02-09,224218.25,223106.75,-1111.5,0.0,-1111.5,-0.49572235979899054,1,CE,-0.5757,0.3112,25800
2026-02-10,223106.75,225960.25,0.0,2853.5,2853.5,1.2789841634105645,1,PE,0.5278,-0.9825,25950
2026-02-11,225960.25,226587.5,627.25,0.0,627.25,0.2775930722328374,1,CE,-1.1294,0.987,25950
2026-02-12,226587.5,228287.25,1699.75,0.0,1699.75,0.7501517073978043,1,CE,-0.4222,0.5056,25850
2026-02-13,228287.25,230533.0,2245.75,0.0,2245.75,0.9837386888667676,1,CE,-1.3608,0.8919,25550
2026-02-16,230533.0,234104.75,0.0,3571.75,3571.75,1.549344345495005,1,PE,0.3932,-0.8437,25450
2026-02-17,234104.75,236981.0,0.0,2876.25,2876.25,1.2286166769362858,1,PE,0.3149,-0.8735,25650
2026-02-18,236981.0,239246.25,0.0,2265.25,2265.25,0.955878319358936,1,PE,0.0377,-0.5977,25750
2026-02-19,239246.25,244417.0,5170.75,0.0,5170.75,2.161266895510379,1,CE,-1.5086,1.3997,25800
2026-02-20,244417.0,246636.75,0.0,2219.75,2219.75,0.9081815094694723,1,PE,0.449,-0.4343,25500
2026-02-23,246636.75,246864.25,0.0,227.5,227.5,0.09224091705717011,1,PE,0.9252,-1.203,25750
2026-02-24,246864.25,250572.5,3708.25,0.0,3708.25,1.5021413590667745,1,CE,-1.9581,1.3386,25500
2026-02-25,250572.5,247260.75,0.0,-3311.75,-3311.75,-1.3216733679873092,1,PE,0.0254,-0.6068,25550
2026-02-26,247260.75,245362.75,0.0,-1898.0,-1898.0,-0.7676107105555573,1,PE,0.3349,-0.5081,25550
2026-02-27,245362.75,249678.75,4316.0,0.0,4316.0,1.75902821434794,1,CE,-0.894,0.7318,25350
2026-03-02,249678.75,243308.75,0.0,-6370.0,-6370.0,-2.5512783927346643,1,PE,0.8781,-2.315,24950
2026-03-04,243308.75,243968.5,0.0,659.75,659.75,0.2711575313259387,1,PE,0.7267,-0.2108,24400
2026-03-05,243968.5,239964.5,-4004.0,0.0,-4004.0,-1.6411954822036452,1,CE,-1.1893,-0.0,24600
2026-03-06,239964.5,229694.5,0.0,-10270.0,-10270.0,-4.279799720375306,1,PE,0.9506,-0.9982,24700
2026-03-09,229694.5,216272.0,-13422.5,0.0,-13422.5,-5.843631432184924,1,CE,-1.2497,-0.1773,23700
2026-03-10,216272.0,214296.0,-1976.0,0.0,-1976.0,-0.9136642746171488,1,CE,-1.2644,0.8251,24150
2026-03-11,214296.0,221784.0,7488.0,0.0,7488.0,3.494232276850711,1,CE,-1.3741,1.8043,24200
2026-03-12,221784.0,224637.5,0.0,2853.5,2853.5,1.2866121992569348,1,PE,0.2796,-0.3385,23600
2026-03-13,224637.5,213558.25,0.0,-11079.25,-11079.25,-4.932057203271938,1,PE,-0.153,-0.3294,23400
2026-03-16,213558.25,202631.75,0.0,-10926.5,-10926.5,-5.116402667656248,1,PE,2.2304,-2.1361,23250
2026-03-17,202631.75,207230.5,0.0,4598.75,4598.75,2.269511071191953,1,PE,0.8521,-1.4175,23450
2026-03-18,207230.5,209196.75,0.0,1966.25,1966.25,0.9488226877800324,1,PE,0.391,-0.0899,23700
2026-03-19,209196.75,215297.0,6100.25,0.0,6100.25,2.916034785435242,1,CE,-0.6883,1.3941,23250
2026-03-20,215297.0,220113.5,4816.5,0.0,4816.5,2.2371421803369302,1,CE,0.2893,0.3229,23250
2026-03-23,220113.5,214500.75,0.0,-5612.75,-5612.75,-2.54993446562796,1,PE,0.3793,-0.2051,22700
2026-03-24,214500.75,206808.0,-7692.75,0.0,-7692.75,-3.586351096674487,1,CE,-1.5343,0.3972,22700
2026-03-25,206808.0,208881.5,0.0,2073.5,2073.5,1.0026207883640863,1,PE,1.839,-1.6403,23250
2026-03-27,208881.5,217744.25,8862.75,0.0,8862.75,4.24295593434555,1,CE,-0.8539,1.0418,23050
2026-03-30,217744.25,208407.0,0.0,-9337.25,-9337.25,-4.288172936828412,1,PE,3.3499,-4.6597,22700
2026-04-01,208407.0,214049.0,5642.0,0.0,5642.0,2.7072027331135713,1,CE,-0.7033,0.3318,22850
2026-04-02,214049.0,225261.5,0.0,11212.5,11212.5,5.238286560553892,1,PE,0.4846,-0.2282,22250
2026-04-06,225261.5,235024.5,0.0,9763.0,9763.0,4.334073954048961,1,PE,-0.0097,-0.3757,22650
2026-04-07,235024.5,239971.0,0.0,4946.5,4946.5,2.1046741935415243,1,PE,1.3496,-1.2263,22800
2026-04-08,239971.0,243016.25,0.0,3045.25,3045.25,1.2690075050735297,1,PE,0.1763,-1.5146,23950
2026-04-09,243016.25,245899.0,2882.75,0.0,2882.75,1.1862375458431278,1,CE,-0.594,0.5995,23850
2026-04-10,245899.0,249526.0,0.0,3627.0,3627.0,1.474995831621926,1,PE,0.0915,-0.2545,23950
2026-04-13,249526.0,253253.75,0.0,3727.75,3727.75,1.4939324960124396,1,PE,-0.0809,-0.6911,23600
2026-04-15,253253.75,253959.0,705.25,0.0,705.25,0.2784756395512406,1,CE,-0.475,1.5347,24200
2026-04-16,253959.0,257638.0,3679.0,0.0,3679.0,1.4486590355136064,1,CE,-1.3231,1.1438,24300
2026-04-17,257638.0,252103.25,-5534.75,0.0,-5534.75,-2.1482661719156337,1,CE,-0.1717,0.088,24200
2026-04-20,252103.25,250185.75,-1917.5,0.0,-1917.5,-0.760601063254837,1,CE,-0.2393,-0.0433,24300
2026-04-21,250185.75,253517.0,0.0,3331.25,3331.25,1.3315106875591436,1,PE,0.0338,-0.9489,24500
2026-04-22,253517.0,254628.5,1111.5,0.0,1111.5,0.4384321367008919,1,CE,-1.1709,1.3813,24450
2026-04-23,254628.5,253104.25,0.0,-1524.25,-1524.25,-0.5986172011381287,1,PE,0.4195,-0.98,24250
2026-04-24,253104.25,255489.75,2385.5,0.0,2385.5,0.9424970145700833,1,CE,-3.0776,2.1505,23950
2026-04-27,255489.75,255096.5,-393.25,0.0,-393.25,-0.1539200692004278,1,CE,-0.552,0.076,24050
2026-04-28,255096.5,251251.75,0.0,-3844.75,-3844.75,-1.5071747358352623,1,PE,0.512,-1.464,24150
2026-04-29,251251.75,252002.5,0.0,750.75,750.75,0.2988038889281368,1,PE,0.703,-0.9264,24150
2026-04-30,252002.5,248664.75,-3337.75,0.0,-3337.75,-1.3244908284640033,1,CE,-0.277,0.47,23950
2026-05-04,248664.75,241284.0,0.0,-7380.75,-7380.75,-2.9681529046638095,1,PE,0.8322,-2.0819,24300
2026-05-05,241284.0,244833.0,3549.0,0.0,3549.0,1.4708807877853483,1,CE,-0.4241,-0.2291,24000
2026-05-06,244833.0,235707.0,-9126.0,0.0,-9126.0,-3.7274387031160017,1,CE,-0.9138,1.4078,24150
2026-05-07,235707.0,234650.75,0.0,-1056.25,-1056.25,-0.44811991158514597,1,PE,1.0618,-0.9891,24400
2026-05-08,234650.75,233246.75,-1404.0,0.0,-1404.0,-0.598336037707103,1,CE,-0.6231,0.6073,24150
2026-05-11,233246.75,235781.75,2535.0,0.0,2535.0,1.0868318636808445,1,CE,-1.0354,0.6115,23850
2026-05-12,235781.75,239386.0,3604.25,0.0,3604.25,1.5286382427817249,1,CE,-1.6967,1.1195,23650
2026-05-13,239386.0,235928.0,-3458.0,0.0,-3458.0,-1.4445289198198725,1,CE,-2.6316,2.5687,23300
2026-05-14,235928.0,231381.25,-4546.75,0.0,-4546.75,-1.9271769353362043,1,CE,-0.7192,0.6004,23500
2026-05-15,231381.25,224637.5,0.0,-6743.75,-6743.75,-2.914562005348316,1,PE,1.031,-1.2016,23800
2026-05-18,224637.5,215089.0,-9548.5,0.0,-9548.5,-4.250626008569362,1,CE,-1.0232,0.462,23350
2026-05-19,215089.0,218004.25,2915.25,0.0,2915.25,1.355369172761043,1,CE,-0.4592,0.1789,23750
2026-05-20,218004.25,223977.75,0.0,5973.5,5973.5,2.7400841956062783,1,PE,1.7667,-1.4957,23550
2026-05-21,223977.75,228576.5,4598.75,0.0,4598.75,2.053217339668784,1,CE,-0.4638,0.462,23800
2026-05-22,228576.5,228982.75,0.0,406.25,406.25,0.17773043160604873,1,PE,0.7795,-1.0084,23750
2026-05-25,228982.75,227224.5,-1758.25,0.0,-1758.25,-0.7678526002504555,1,CE,-0.5448,0.4153,23950
2026-05-26,227224.5,223519.5,0.0,-3705.0,-3705.0,-1.630546001861595,1,PE,0.9963,-1.5451,24050
2026-05-27,223519.5,222928.0,-591.5,0.0,-591.5,-0.26463015531083417,1,CE,-0.9266,0.401,23900
2026-05-29,222928.0,227907.0,4979.0,0.0,4979.0,2.2334565420225365,1,CE,-1.0847,0.8995,23900
2026-06-01,227907.0,233175.25,5268.25,0.0,5268.25,2.3115788457572606,1,CE,-0.9351,0.448,23600
2026-06-02,233175.25,235879.25,0.0,2704.0,2704.0,1.159642800854722,1,PE,0.0507,-0.8123,23300
2026-06-03,235879.25,228609.0,-7270.25,0.0,-7270.25,-3.0821914178546863,1,CE,-0.8563,1.4003,23250
2026-06-04,228609.0,231907.75,0.0,3298.75,3298.75,1.4429659374740278,1,PE,0.0545,-0.3958,23350
2026-06-05,231907.75,231222.0,0.0,-685.75,-685.75,-0.295699475330169,1,PE,0.2084,-0.2813,23450
2026-06-08,231222.0,231111.5,0.0,-110.5,-110.5,-0.047789570196607595,1,PE,0.877,-0.7653,23150
2026-06-09,231111.5,232154.75,1043.25,0.0,1043.25,0.4514054904234536,1,CE,-0.5112,-0.0941,23200
2026-06-10,232154.75,228056.5,0.0,-4098.25,-4098.25,-1.7653095618332166,1,PE,0.5729,-0.6913,23350
2026-06-11,228056.5,229470.25,0.0,1413.75,1413.75,0.6199121708874774,1,PE,0.0527,-0.5629,23150
2026-06-12,229470.25,219083.25,-10387.0,0.0,-10387.0,-4.526512696090234,1,CE,-1.1055,0.8895,23350
2026-06-15,219083.25,222343.0,3259.75,0.0,3259.75,1.4879047120215716,1,CE,-0.172,0.1327,23950
2026-06-16,222343.0,224504.25,0.0,2161.25,2161.25,0.9720341994126194,1,PE,-0.0373,-0.3399,23900
2026-06-17,224504.25,226223.5,0.0,1719.25,1719.25,0.7657984202971659,1,PE,1.2542,-1.0336,24050
2026-06-18,226223.5,229294.75,0.0,3071.25,3071.25,1.3576175773073973,1,PE,0.1686,-0.4417,24100
2026-06-19,229294.75,228745.5,-549.25,0.0,-549.25,-0.2395388468336061,1,CE,-0.1107,0.4981,23950
2026-06-22,228745.5,229294.75,549.25,0.0,549.25,0.24011401317184383,1,CE,-0.139,-0.0803,24100
2026-06-23,229294.75,226889.75,0.0,-2405.0,-2405.0,-1.048868323413423,1,PE,0.8945,-1.1659,24100
2026-06-24,226889.75,232652.0,0.0,5762.25,5762.25,2.5396695972383063,1,PE,-0.009,-0.2581,23850
2026-06-25,232652.0,231153.75,0.0,-1498.25,-1498.25,-0.6439875866100442,1,PE,-0.1227,-0.2872,24150
2026-06-29,231153.75,234465.5,3311.75,0.0,3311.75,1.432704422921973,1,CE,-0.5708,0.6507,24100
2026-06-30,234465.5,228495.25,-5970.25,0.0,-5970.25,-2.5463234463065993,1,CE,-1.7552,1.1859,23850
2026-07-01,228495.25,231433.25,0.0,2938.0,2938.0,1.2858035342091356,1,PE,0.1956,-0.536,23950
2026-07-02,231433.25,233136.25,0.0,1703.0,1703.0,0.7358493215646412,1,PE,1.203,-1.1178,24150
2026-07-03,233136.25,231108.25,0.0,-2028.0,-2028.0,-0.8698775930384057,1,PE,0.6968,-0.7848,24350
2026-07-06,231108.25,233217.5,0.0,2109.25,2109.25,0.9126675486487392,1,PE,0.5074,-1.0028,24400
2026-07-07,233217.5,235937.75,2720.25,0.0,2720.25,1.1664004630870326,1,CE,-0.3629,0.0223,24450
2026-07-08,235937.75,240621.0,4683.25,0.0,4683.25,1.9849515391241972,1,CE,-1.0599,1.4648,24250
2026-07-09,240621.0,237514.0,0.0,-3107.0,-3107.0,-1.2912422440269138,1,PE,0.7357,-1.4405,24050
2026-07-10,237514.0,238505.25,0.0,991.25,991.25,0.4173438197327316,1,PE,0.5864,-0.4974,24200
2026-07-13,238505.25,241914.5,0.0,3409.25,3409.25,1.4294234613284194,1,PE,0.6679,-0.9235,24050
2026-07-14,241914.5,244306.5,2392.0,0.0,2392.0,0.9887790934400377,1,CE,-0.6223,0.066,24100
2026-07-15,244306.5,239282.0,0.0,-5024.5,-5024.5,-2.056637870871221,1,PE,1.0577,-1.3272,24200
2026-07-16,239282.0,241514.75,2232.75,0.0,2232.75,0.9331040362417565,1,CE,-0.5413,0.3781,24150
2026-07-17,241514.75,244345.5,0.0,2830.75,2830.75,1.172081622343977,1,PE,0.6377,-0.9672,24250
2026-07-20,244345.5,241248.25,-3097.25,0.0,-3097.25,-1.2675698959055928,1,CE,-1.3862,0.5514,24150
2026-07-21,241248.25,242847.25,1599.0,0.0,1599.0,0.6628027353566295,1,CE,-0.6609,0.3027,24250
2026-07-22,242847.25,244459.25,1612.0,0.0,1612.0,0.6637917456343443,1,CE,-1.01,1.0009,24050
2026-07-23,244459.25,246679.0,2219.75,0.0,2219.75,0.9080245480586233,1,CE,-0.4366,0.0457,23900
2026-07-24,246679.0,240894.0,-5785.0,0.0,-5785.0,-2.3451530126196394,1,CE,-1.6122,1.1374,23650
2026-07-27,240894.0,243266.5,0.0,2372.5,2372.5,0.9848730146869578,1,PE,0.1339,-0.4954,23950
2026-07-28,243266.5,245775.5,2509.0,0.0,2509.0,1.0313791664696947,1,CE,-0.3083,-0.0616,24000
2026-07-29,245775.5,247010.5,0.0,1235.0,1235.0,0.5024910945151164,1,PE,0.5672,-0.2044,24200
2026-07-30,247010.5,245944.5,-1066.0,0.0,-1066.0,-0.43156060167482757,1,CE,-0.1781,-0.0353,24250
2026-07-31,245944.5,245343.25,-601.25,0.0,-601.25,-0.2444657229578218,1,CE,-0.6214,0.8243,24350
2026-08-03,245343.25,245804.75,0.0,461.5,461.5,0.18810380966258497,1,PE,0.1234,-0.388,24550
2026-08-04,245804.75,243425.75,0.0,-2379.0,-2379.0,-0.9678413456208637,1,PE,-0.117,-0.2883,24600
2026-08-05,243425.75,246770.0,3344.25,0.0,3344.25,1.3738275428955236,1,CE,-0.1094,0.5891,24650
2026-08-06,246770.0,247618.25,0.0,848.25,848.25,0.34374113547027596,1,PE,0.5286,0.0596,24650
2026-08-07,247618.25,248544.5,0.0,926.25,926.25,0.3740637049167418,1,PE,0.3282,0.0634,24600
2026-08-10,248544.5,247114.5,-1430.0,0.0,-1430.0,-0.5753496858711418,1,CE,-1.6929,0.7116,24500
2026-08-11,247114.5,249951.75,2837.25,0.0,2837.25,1.1481519700381808,1,CE,-0.7178,0.5661,24500
2026-08-12,249951.75,249717.75,0.0,-234.0,-234.0,-0.09361806828717943,1,PE,-0.0126,-0.4466,24400
2026-08-13,249717.75,248349.5,-1368.25,0.0,-1368.25,-0.5479186000995123,1,CE,-0.4708,0.1002,24350
2026-08-14,248349.5,250283.25,0.0,1933.75,1933.75,0.7786405851431148,1,PE,0.067,-0.1955,24350
2026-08-17,250283.25,248001.75,-2281.5,0.0,-2281.5,-0.9115671943687802,1,CE,-0.2884,-0.0599,24300
